cookie_id,score
ck_315fb710a0e371e7,0.00018330713647125534
ck_a76ee3b3e3e522fd,0.13932799008844554
ck_94c9a4d382689e82,0.023327224064914734
ck_8eaf9509ad9462a0,0.0011036830260920266
ck_9a88a5a989cb5bc6,0.010278036496789517
ck_15239ef0689c1a35,0.01481426883630621
ck_8de69cd219d3b87f,0.3202409820535833
ck_f92cd37022b0ce21,0.025068251468894846
ck_1a3ff7620580a514,0.009850858137475008
ck_397c03aa33a57310,0.1007368805072783
ck_a7cf6c3b322f6b7a,0.004693878746792675
ck_c39a9e75760e3201,0.005398321114698641
ck_88ab6d245228c38e,0.0009151213092771416
ck_17733f75ebdea93e,0.003631640827148582
ck_58eb871e8d7bed52,0.023816146826645408
ck_e55b7fa67db1ec27,0.0018040281766429232
ck_62f5cfe22c952694,0.004554918090900556
ck_7fbb709a0fe95759,0.002661860330604926
ck_87abe9cd066a20fb,0.036381460998596064
ck_d58e058b5c553dd5,0.01247189468563648
ck_d27b872648b71202,0.008043218703209981
ck_4b4a3c5b95c55b43,0.0009564774790155572
ck_66dd4f4b4127256d,0.0005756130542507503
ck_93cc12703b500613,0.02077207652679203
ck_d28806a2179092eb,0.998049619825214
ck_0595c2a0c7881e05,0.020723591007050027
ck_50087d8666191144,0.22693820596976283
ck_b08b3f089138c901,0.01019237110268904
ck_fe3b67041dad2dd1,0.002308867978425061
ck_8449a28f7d475d93,0.06866423611156934
ck_8642e3b6d84f49d3,0.022097320382307526
ck_e49b5e4f2f2e79db,0.41509639685430666
ck_437afe412ea4259c,0.05886401111626908
ck_569b83668d74042d,0.4141207998587629
ck_233a487d31c3e631,0.9932099676957782
ck_1fca72e03143a645,0.864852163802373
ck_79205e31223df2ad,0.02337039725345589
ck_9625a64406ea16e3,0.0035711864509060122
ck_079bd18dacb704a8,0.23688832255229875
ck_4db6d4fd2b49aa81,0.02013927454572357
ck_0dbefdac0a1868fb,0.0024931703037502882
ck_24ff97ad90bdd69a,0.08853863416001452
ck_77f8c5042065d506,0.005072519128706601
ck_f11be8ce05382cec,0.00753931804848826
ck_c9d72140b0389216,0.027795854185094396
ck_69eda24e931fb36a,0.0010767567399768716
ck_ed471e496916ee15,0.008764706092922986
ck_ff090498c4b17ac3,0.0017671238864415992
ck_c3c19d6a0720915c,0.0003518927400340516
ck_af02e1817cfa40b5,0.042391992891948525
ck_2df5a9fc87553eb1,0.002406093226223056
ck_4ac918e884cff336,0.07949723131432308
ck_ca149244b54ef3ad,0.0005719061628774115
ck_6babe5b8674ff51f,0.004332535741403001
ck_1573878386886290,0.0070104811797929755
ck_3925f8565abb7fe4,0.005886720823967879
ck_c4de808ae69c771f,0.0007419714754247181
ck_a777c813551281fe,0.005846143699976887
ck_df4424f6dd85080d,0.0699318002582353
ck_85e5494ec20383ae,0.02441444921525961
ck_f71a4094e889c3af,0.009272485623807324
ck_f2f3cf9cd23b2809,0.042858765767412946
ck_18e2076397bcc211,0.04156432165090292
ck_c9f9fddef39bc664,0.024390207240174905
ck_7e826e233d6ea028,0.004137016982738596
ck_62fd7eb46bee9210,0.016477782589186318
ck_206f8e3cd72768f3,0.022597309015757683
ck_aa295a11b0a6ab36,0.008666906929922558
ck_9a56739d81f84a53,0.0022468448169679664
ck_aa075c418ed9fe5a,0.007320888720685673
ck_62b9fb3db284941b,0.007764192816813959
ck_f4f83b1403ebea46,0.010512681418609865
ck_16b66bd803288bc3,0.3307146017680553
ck_c4ca1434f3778f1d,0.9915737619333945
ck_1b823610371a29c0,0.019141923045336844
ck_c2bd5a722aa637d9,0.004772434207729865
ck_7890208951df34f0,0.035840109294363966
ck_020eb0e454524ecd,0.004213930133381629
ck_3b66196ccf436c35,0.003464786695593736
ck_109fc467ec0a4af5,0.0941516395395504
ck_f3dcd818db92de7b,0.020589310311377916
ck_31e7742f160980ef,0.01991249779542461
ck_77fce5f86f00b8f4,0.10010069769361683
ck_46bc797b4d07d607,0.001345272597115365
ck_37899b1b571b1c6b,0.00965804912447148
ck_ef8a6af43fedd464,0.0018858831307407163
ck_bcc8519fe8521038,0.04859349800117519
ck_90696b7182dd9129,0.007523255919653357
ck_4a24ad61d017e1ba,0.03310031579274718
ck_0acc3d8c67218b9d,0.00860981090877799
ck_05c97fc9de11aba6,0.10344691896477613
ck_f8ac3a0500c0ec62,0.01165926097670853
ck_617b65141f546a1c,0.007174263596305332
ck_9d00823bf60388d7,0.04809422922757013
ck_123c15d93f1840f2,0.2756139675948962
ck_573feefba6bf78bb,0.047148617993091245
ck_b25657bd16739036,0.004110264821282336
ck_bd26d2bef14a8597,0.0037264641233386627
ck_a553418f2fba1440,0.0068803659277963565
ck_89f3e380b0686963,0.004424531471017748
ck_b359192aa659bdce,0.020312901043858567
ck_02241f3dc301bebf,0.005113753318032503
ck_5ccc1a1c78cb33ee,0.0353235218085083
ck_349cc5edda1b8853,0.03752887788909929
ck_e9f228845bf6e28b,0.0527759373512621
ck_0a45d033d4e280ea,0.03422957826913732
ck_7e63168dda612235,0.001733645381049362
ck_676fa5f6aae5475b,0.009845129799556877
ck_74b502b20690ccfe,0.016007599622325105
ck_073509af21dd7f5f,0.33772691284068646
ck_498a0acd450944d8,0.002204983063528741
ck_7f15b50b29dead01,0.0141281380244121
ck_8089fe7403c5f537,0.014008546641259828
ck_05b2b04e11d9ae9c,0.01494346106106038
ck_31e70f2f04b48b88,0.0009048206584922389
ck_994316fa5a02b319,0.0007976243608645917
ck_b76510998b9a2260,0.02074596220692854
ck_4db95c310e105d30,0.0019926252861789838
ck_6f730b77dc6cdb84,0.01352787941896821
ck_2493ee8e7b91d304,0.021520608311680327
ck_92d679d6ac7dcdcb,0.12524650377164223
ck_3a0e0200cbb185cb,0.02865392370004125
ck_0b2eeb4e00ff7955,0.030809931124994933
ck_9843d0e61c37ebe8,0.9977208013686635
ck_e61c8721e3ef1921,0.008155413295963634
ck_2e0eedaaf2980c2c,0.01419704228444197
ck_9036b2e5e9298a34,0.02405030624876057
ck_3265442528d51728,0.025035161298802025
ck_f2ddae2eb1cb29b4,0.00926862604239542
ck_6cfa71d27fc27f92,0.012210435087505252
ck_f3199fbe84a28b9a,0.03715899158305903
ck_b78d785ca3ef773a,0.004739177962157745
ck_374865697f1480eb,0.009933435299399477
ck_06d0e4a9189302a9,0.030789631398870178
ck_9c9884b9bcaa552e,0.15308286344517763
ck_fd4cf578e87703ff,0.020612090020799112
ck_1917ef3e6e345549,0.06885303724752034
ck_e70418b00cbbbac9,0.06188478285313838
ck_a60388296a47062c,0.0441173656105332
ck_d598fe8d2c779ab9,0.010320819174228803
ck_646dc03de4c31803,0.8268496177856107
ck_e4fd8cbd842b6993,0.002596798621452217
ck_2225b555aa2a42ed,0.04039360396103821
ck_6be8ae9d78148882,0.013210253401716976
ck_4199342d3aca74e8,0.010684081301315332
ck_779581adb573261f,0.006265569569901694
ck_bb303568b6915205,0.0944945633170737
ck_17c4296276448afe,0.0030395891475282176
ck_a60a61ac829252a0,0.004094945779017613
ck_6ea70950c1cae00b,0.9173098520146391
ck_1abb93f6924645e1,0.029258059727801468
ck_faab769cce19879a,0.02309229798817631
ck_d5b8e74e7ca6355a,0.019366924104092346
ck_f11f7691af16ad07,0.002584819237991046
ck_188fdf2be7c92e9d,0.9952135181237293
ck_4a103f8254b366f7,0.009049833510978508
ck_bfa17a0b1760e616,0.000619513740859572
ck_a4d7f6a5869d440a,0.9682028868164033
ck_58e20f5a3e7f11b8,0.9414072843809963
ck_4becdd3d2696c7ba,0.006857329424283577
ck_dad5cf32ab9f243f,0.002567637152414514
ck_7d9f73dc7c4f90c3,0.09934940195770528
ck_c19371047a2d011d,0.0018308488980996304
ck_247589ff532f7aa8,0.00409978676876229
ck_7a9f241d5f082567,0.0055370034806223
ck_0a2b7078736b4dda,0.002449510720982093
ck_687b412e2aac7eb6,0.00851311879203243
ck_fce0b6855886a0b8,0.01715172322180159
ck_e291cc60920456d0,0.08850024291808509
ck_04219a7ea798db51,0.024602388049063326
ck_286bfd719836e9f3,0.08363149152456613
ck_55efc92394fee232,0.007577430048113076
ck_e36c8da1bd359960,0.043313010475675644
ck_34b0988a97d96902,0.007378178752286822
ck_e0fb11fc9dcb34e6,0.0045939738469013315
ck_bcc9cbc9ed8b7c31,0.008522695843592925
ck_3df8da6f60a89a5b,0.025249910810621078
ck_b1495ee5c59a6b28,0.01648121984882081
ck_58f4c3ac61fda129,0.011487112901720203
ck_735f244b99e3aa8d,0.011381518334353946
ck_6b93bd8abf87b1d6,0.7295258244556655
ck_12107dacc6d05bd1,0.002504494792738523
ck_f96db2a1f3448d1f,0.014008668063287122
ck_8fd91a3c99e19097,0.018837343100532044
ck_910205d25388a0ae,0.0009149079105400319
ck_d229dfa0e4442628,0.0017786862316300073
ck_7cdec61e1c488798,0.06064177074810049
ck_f66f06e24ff32671,0.05053515430704622
ck_350bf14e90b503f5,0.011254447241375086
ck_61fff5fdaadd394b,0.004993436561756313
ck_e934f984bad2ff91,0.4254301172434363
ck_ff6a6d3547dd2d37,0.010264281629126137
ck_65ad9b15979e3247,0.004377266920669776
ck_bbe1a2ea5a403ad8,0.493851544919198
ck_6f3a28eecd2c4031,0.009723689381389018
ck_a89b66665714058f,0.005336482206861038
ck_918c92182b6817cd,0.02650699457381848
ck_64f5eb4be9e7b8fa,0.07833803546342046
ck_d021fd497ea35fb2,0.017634106380363574
ck_004de16f7d8a42ae,0.013632482286575862
ck_a33d2325f86ab12d,0.008656579586548668
ck_89790ff26c844bc6,0.0033280225756166493
ck_e6e7257377c37b28,0.13406378287316956
ck_a2cc3910a641a808,0.5131901959146796
ck_646e270e0195bf05,0.022678862477664027
ck_baba5d66def0d770,0.08360323602722937
ck_67cdcdda3033842d,0.0087894533953923
ck_b5c3075c811a2216,0.02567723223992995
ck_515379973a8044b8,0.00917266808321075
ck_c0ce85fb4109567d,0.0328979713433022
ck_fef850553862aaca,0.003936351922731551
ck_55d7217b0aff9fa2,0.0022603991526446636
ck_8e139f8925ef7968,0.008492468557893934
ck_9e35b908fca1e4d7,0.0012747882234980046
ck_59735f4ab2ad3da5,0.03224089360110746
ck_dc569c1167ccec0d,0.8942790998515379
ck_1dade5592f90a15c,0.03358623017133917
ck_793048d11fb8b328,0.25378024395296245
ck_545b71eb4fa594b5,0.003998736548470797
ck_bd30853e9a57b544,0.020316745036894412
ck_59f46321ecf6d306,0.0089463644042013
ck_260cfe9141d249f1,0.1240526530880166
ck_3365a0ad1a8aa83c,0.004140729800453546
ck_b0ef193195a2138b,0.002154259039039908
ck_0f909705e2e60f2f,0.0022161637551244154
ck_5a540b75c866166a,0.014262723098559962
ck_87c26b2f41025109,0.9927442713095367
ck_27acc9f320cda104,0.09879717159352328
ck_a27bc31eecd9cb9a,0.021886606560458936
ck_115d86fabde77b65,0.000684790555847098
ck_eeca179341d56f8a,0.5867531809772658
ck_8e5999c436cf037e,0.0011038017345638526
ck_510e7c5df1f95d90,0.993409668187139
ck_f1acf73363925958,0.013600997839968453
ck_3c177f5970b68bd3,0.045224029471105334
ck_9cdfaa1c30cc9d32,0.0006573957599741162
ck_c8efa1538b37c359,0.005060416086506416
ck_a8a2e296f9804bd7,0.025052751352159154
ck_91a0ca45f429568d,0.02101875863689142
ck_5fdf8a0bdbd3ed62,0.012122741754264211
ck_0f4e2ec66d50da5f,0.0017207325377767018
ck_28c53b214b2ee882,0.14718609421598983
ck_003148504557f720,0.07736727006658534
ck_01d840cffb870615,0.36807732710007446
ck_555848d51f4b5f35,0.014188391111364988
ck_df20cc23b8fb8e22,0.034865395263207206
ck_f9604adde929beff,0.006915608624874943
ck_d66952b03591bdec,0.006428670573790214
ck_ddcac1ab765ff61a,0.0124967051023943
ck_347386629d96c664,0.02004028219229969
ck_ab01db9117acfe3d,0.01024437685426743
ck_58e5359efc52e0ad,0.003457511053431499
ck_1a524b5cc8da71b3,0.05353385717882534
ck_e9287b6d909d731f,0.008300284855145364
ck_bb41a66e3d90263b,0.11526366178728645
ck_e95c8cc1864bd584,0.0065513295536550435
ck_7a3f2961e9a8b6dc,0.014812097323532428
ck_378a9df82b1e0bee,0.3292860376389295
ck_42633573639a3f02,0.9557487778443731
ck_2a5a4c18c2c7274b,0.014061257650064217
ck_77549c1a41f837c3,0.016437038659972508
ck_a26704b5b26258b7,0.03750065616839511
ck_9874ad160efddf50,0.006691456006082059
ck_9111e3a04b14dfba,0.024309799764016905
ck_651e076ee43aea85,0.005111842264124994
ck_391639c0f13932f3,0.003249173306733004
ck_02dbabda93c8c13d,0.02185325113283511
ck_0adcb1fffcb0a34b,0.034650530046942254
ck_7a43ef9c7b1c67b5,0.005137658913666804
ck_4b9dd69946438d0b,0.0068767551019929506
ck_90bf017cdd37b66e,0.030101723053625667
ck_61c74163eb36556e,0.010215277143691127
ck_13376c59b5bd6943,0.0007520182852628568
ck_62337eccb1672737,0.007066294536671615
ck_16077934338472bf,0.00203563285426853
ck_0d4dfd93086e7330,0.03158717339516758
ck_3865b7525b910893,0.030307759779687946
ck_7e2ae8b69ebd5675,0.004034670287589294
ck_b4384b6c11766ce7,0.005618538728579505
ck_3d7fa32dfb9fc692,0.06648614937240972
ck_f4a6a7cadd6e0603,0.12286974449398237
ck_212525e2828a6c45,0.008070755460454744
ck_33ad8d53394ba77a,0.30772367859623356
ck_a5051eafe8b51224,0.005897497763641648
ck_f65e5ff7da565f91,0.006611869482476016
ck_5c37f7563fa7591d,0.029359812360008602
ck_f1e0a006068aff29,0.0076502525153618415
ck_c646cdead6fb79d0,0.009017728432707912
ck_f8b3cdffef535330,0.13533081641383374
ck_e5cdbe3aa12c97f6,0.004847145227253903
ck_986e4e61440506d0,0.038203495369351116
ck_6da9c5912e15d9a8,0.0027395744122490477
ck_51d842e6dae74c71,0.005212153368013858
ck_5fc65c24e0736d5d,0.9219887456296091
ck_babb95a76c69509d,0.02534417817562881
ck_86a2d852a9715432,0.03487135765085997
ck_db4083a0d043def8,0.08183600912908709
ck_96953b8945b7d403,0.006289150589612002
ck_7831ca5c31fb3859,0.057021768209955186
ck_60ac5e5f375daa38,0.005336412431327509
ck_05d44eb1f5f085ce,0.019363482311233523
ck_432cc19c7eeaa46e,0.03984944581786646
ck_7fc513033af061af,0.13998350501023102
ck_ada6ede84c111719,0.0197757177930497
ck_6343e0d3b1c2962b,0.03053344128310189
ck_010264ae04f2e902,0.10168944586461122
ck_e9dcf535f8c289eb,0.1626070490352359
ck_37143d9cc296e6fa,0.010582950733021528
ck_61fa051192f3e810,0.014894725899099773
ck_f9f93d1d41be1468,0.8963271990895035
ck_c4f4f28457be8a74,0.0011170540319590467
ck_323a71f9452d21cb,0.5195191908213791
ck_170f4688e0acd875,0.1037569583930642
ck_869b1878d09d230d,0.19665095199464333
ck_2f6b33bf46976229,0.007137679222192634
ck_b11e22e75d9b99de,0.0013819255434038425
ck_123d75ffb75b606d,0.004503810278519128
ck_94295287a04c85d2,0.12420826805044881
ck_1b0434f096795328,0.0014612442163657415
ck_0a4e191cd0a57ce1,0.002351545748183935
ck_d2fbd0df99634676,0.009461077162686576
ck_d51df5e9fbbbcc94,0.06357396877948449
ck_2d3d7d64a6f443f8,0.011015725572091777
ck_731943c682c9394e,0.015486200349585795
ck_5ccc0c94e5e1f849,0.017423454022068813
ck_c3476080516db25d,0.015908022568282394
ck_5010ffb1c94187b5,0.0004984740156733004
ck_7ef666d67bc70223,0.029821917321238883
ck_c1b493527224a27a,0.002780678137409528
ck_5d1e25d7acc5af9a,0.008439978482086564
ck_ec30b61cbf517db8,0.0032143455853918925
ck_79323eb5d2e5efae,0.0021817997109749646
ck_4085cd3bf2661518,0.011347858710982393
ck_2ca91214c357c072,0.11962580457432233
ck_7f3132d6be389657,0.0693821298336292
ck_e7a6b925c8f39a85,0.03814724441843559
ck_c886adec7bac250a,0.012881441014980875
ck_c3f360c2d0ea0a37,0.022893905564104203
ck_a7acd5b015823793,0.02126546646690502
ck_9d64187c0800f84e,0.025667135978968726
ck_5d4ed73b9efd7d11,0.00786594088184938
ck_874eca6776b34dec,0.00242826836110211
ck_96a9221a87be93c3,0.042703803278193814
ck_68dd79a51eabf5e6,0.0840927089871998
ck_8311cb6755b2016c,0.013057940505484103
ck_16fc77b2bcf5ec03,0.9266048639062502
ck_ad9e2088a33c8c72,0.0003041144395060377
ck_7176bbc97b1e42a1,0.0033969517420446185
ck_80dfa54b30f65fff,0.6402206357700934
ck_31c54d540b128843,0.008377729703017492
ck_43ea894480567274,0.027340302507749763
ck_9c9e8a38bd5a6c88,0.03280208468767164
ck_1c2dcae19539e148,0.10200150526486136
ck_b0fa8b84e94d8ae0,0.00604936034901906
ck_4ceb43ccd0a81c2f,0.005253846234412258
ck_ba845332b730b596,0.001503684170196764
ck_73d3e8c6077f61e6,0.17232991892028648
ck_b5d0d223ef56473f,0.018537496999075285
ck_949f08f8e80e93ea,0.0026110949763253105
ck_73de0b49709e5f8c,0.004497378622831876
ck_b5935e9722a39819,0.029869040001437492
ck_96247fee0eb44420,0.004197037323298651
ck_a6def1e4b2d57e0d,0.03839721803305264
ck_aecdc5a96321a2d8,0.017888078445994396
ck_bc61c59970f8de49,0.024234383416643236
ck_c43b4175fc9ac5bd,0.7765878160564015
ck_8ff7a9b23a55fd62,0.004843629078811722
ck_20c99b645f462449,0.0017271365834751523
ck_a5ce2ae36fb410d9,0.0015540561229903478
ck_96fb9bf556842bbc,0.007667998856325636
ck_b5e4c6dbbed1b773,0.020879185291992675
ck_2085433978e72ea9,0.10599023493057928
ck_2c6b174b063ec637,0.007563754249097722
ck_b20b81b88dabe28d,0.006467872338709351
ck_243c18dbf150831c,0.0033945629578344826
ck_2bb6a17e8eee35cc,0.02577038978871919
ck_66147fb994495396,0.0717566631111613
ck_73f124f075ede0fc,0.01996635740819917
ck_2e315f1b1e533dab,0.0035278298011106484
ck_16c7bf94ed3e7a6f,0.0015000933976856907
ck_4a0eae220a762ac5,0.014301177595406469
ck_dc16f939c2f44ad8,0.1250531961840277
ck_817926b449754917,0.007781506878670719
ck_0c0dde42ab64ef87,0.014968313955072057
ck_cb3a40594da6a2ee,0.04919568394939729
ck_d0dc156441fcfdcb,0.025635636704487152
ck_66f0945add423e9e,0.008941158545396666
ck_a74f6a3030f5d495,0.02866468389136776
ck_1ae460f331e49ae2,0.03391005133170452
ck_2d177b2f4f0b40c9,0.13567900892155801
ck_92e474e4368c4791,0.012907641921534693
ck_3dee83fa2d109484,0.0021866398900488157
ck_80e5ea27848069fe,0.011950735673440122
ck_ed0c4a83701ca230,0.04621902659173569
ck_0b8b7c5c581fd161,0.0006008706677968836
ck_60bf8a2870956fb1,0.013656472470055895
ck_73a54b56a2bf35fe,0.8591939272594201
ck_2296d7a563424883,0.01930163877619783
ck_bc19c383560c7477,0.013006537288844192
ck_861d8e3d88f1079e,0.027250774600757297
ck_3f090fc96c24eb28,0.0021656444437962307
ck_9a6a1f8102febfca,0.04613863812726549
ck_541b6ad5d2fa5a39,0.0047953824746126686
ck_a760d38d1bc4de97,0.0019168835157898918
ck_7dca4d7ee10b4eeb,0.0008027392845991128
ck_15220e78d1545e40,0.01079384074724863
ck_ca24bb0de508efb0,0.008475532119797142
ck_56b389627d8f02c5,0.8740445445907893
ck_48a6754977a44db0,0.00573837713030426
ck_333a43ec339a04cb,0.05952071311325261
ck_f22aacaf86a65d7e,0.032452943882786404
ck_04bd8a1ffaf3ffd8,0.001558659133546549
ck_2737a72de6b700f3,0.01973945182202084
ck_c35e03b0dd0c3454,0.02380136635616296
ck_e0571312f395cd94,0.013019579034345335
ck_09fab6b9825001b2,0.004213692533263764
ck_18c3a095606209e8,0.017311997756826698
ck_2a97db9377d01e36,0.0028859225792962307
ck_f29dbbfdd2786bd1,0.011277843738294607
ck_35d6c510ad29362e,0.33606153266629424
ck_5468fa99c945d785,0.024989102321506848
ck_6f8102f62c876cc9,0.15032331805497978
ck_91955aab3424ad16,0.0029521371028930917
ck_9a43c0c73a39d759,0.09843108083858
ck_60b023af6d1e30bf,0.6247472636687209
ck_9704c5cf8659cedc,0.014881129623202195
ck_7e5f02b51b9f78bf,0.09139800965153391
ck_7d3a88d1aa649708,0.7427725729134084
ck_8250eddc1ecb07a0,0.0338160608307081
ck_d979ef95ee44023d,0.017148149249043437
ck_5e5461dac83531ac,0.01419119695728787
ck_d1bb8890081e0a31,0.027407337858153694
ck_32246c62640648d9,0.0004053956885503151
ck_77a40c7d2f862a32,0.03027694860131431
ck_1c8b94efe9238f5b,0.0012449785550092513
ck_eaf3b6d11bc3cb11,0.002289555391617109
ck_a4a7ef3ad799c380,0.010159904021551048
ck_d5bd8f68da073cd8,0.016831973597909992
ck_6e6258227fc8db7f,0.0025820330752952176
ck_c35d444e05799db6,0.008901037817980625
ck_74665e1209140ae8,0.025213900695973804
ck_353a272478f7e903,0.005997228621287602
ck_a2c9796ea229a4e2,0.005383788085991813
ck_e0171f91cb3411fe,0.026941036247349417
ck_703499f5410280f7,0.0009229364229515096
ck_ae3a763997f8f385,0.03476409001413326
ck_f7ff94c3df5ac874,0.012819476754880354
ck_f3c16d8f747db046,0.03448448589757078
ck_7ef019ed77276496,0.004526965551932152
ck_d6a4faadab58a3de,0.0014773473352002714
ck_ba7b78d31d74c794,0.018519215020768944
ck_36287d063350ce9d,0.003088629736094845
ck_5177fc7137ff26ce,0.0010993772693774502
ck_dfd4e79aaa967b63,0.005900875458266024
ck_fb44d15fb93a7157,0.029785287363021263
ck_fca478361870a4ca,0.03590602829188753
ck_e57b94fe57341058,0.010400892735872197
ck_5448c946cc4758fe,0.007363928888220943
ck_c5ece5ffb8800ad4,0.011606367470467184
ck_11cb98211b2ed134,0.8909994671226903
ck_f655399ac75c4450,0.029071205573319263
ck_c817259019588d30,0.046222095447137485
ck_8740a14d8096c6e1,0.03728269728890842
ck_0c5ba86f4e05b38d,0.008187039965559906
ck_ccc917533d4b73d4,0.013182438032077186
ck_9eb80edfa43203de,0.0021876140605958804
ck_d1a1cf4cf61d6801,0.023935926706941772
ck_b17c239f160e6017,0.013258408117112947
ck_410c3e13b48e0415,0.0016517944198486023
ck_ab553954435e8854,0.9424444112914263
ck_bdbb4230c91e1604,0.046052112886972245
ck_8fd4937eadd64fb6,0.008086563760930962
ck_e0e90b196bef3c11,0.0024540583016018297
ck_3dc4d464386f0eb2,0.11000149888223949
ck_51bbbf8f8e8ad005,0.9978917599537205
ck_c05737ab74cf03c6,0.09254201069330235
ck_dceabbe04d99afc2,0.0016531153845271813
ck_5b86fd14e85bc9c7,0.8534394767809024
ck_d4febf0083800424,0.008051724398108962
ck_77d9f86dcf251739,0.008559755128132477
ck_b4dcebc543deaafb,0.01733356953193315
ck_cb856e75c949b0cc,0.0006593651034052796
ck_61b067de8ffc1ca1,0.035095450165267925
ck_c0e8560ccfd9dd9d,0.004226862225388464
ck_173e1198c341087b,0.0053345654975545855
ck_b4d55bc809000276,0.016048186245752067
ck_839bf139296b5cea,0.016304347817914806
ck_78cd402a2a4f2e35,0.0026864575195490116
ck_c2925c50ebacbdba,0.007188892981233937
ck_5e3bc76eddbdb0a6,0.0022754331743870047
ck_b7793edca26fc512,0.011069168168089477
ck_d79bdf04d6f31cd5,0.004436759983107687
ck_4b97d19ed946f503,0.01278702325357203
ck_37139b41c5370523,0.018658645499810552
ck_8c346eeefa9ce692,0.014833552196612323
ck_2ab7eddee2d8c49e,0.003559129695901182
ck_29da59ea3bffb9d8,0.14394749649947564
ck_c1d05ef0ec6e4be7,0.006556331729337874
ck_3882423b449f6291,0.8912049991254638
ck_5647030283171ed5,0.831033593785182
ck_efbdcd9c181e72ca,0.0071225472153490675
ck_192fdad892782daf,0.10672722839246396
ck_0bf2e13b9f2601ac,0.026268110197784293
ck_3d6046a533057795,0.00850076666055625
ck_279a1d3a3836e5cc,0.054345054698216155
ck_c375e929becde422,0.0035034254038835448
ck_a59e90219939a1f0,0.0101496195871531
ck_4e9fba1ec54c3ff8,0.02169270614619731
ck_bcbd8588a13f5eef,0.0015526574604054343
ck_5f9a7ff990341bdd,0.0008884401890334462
ck_e0403d507519b7d2,0.002831770909058348
ck_c9490cb61aff5112,0.02092455940988205
ck_41dd44308e6a665a,0.1651150654375214
ck_76c23726cd7ca947,0.00580208684586055
ck_9be551300209fa83,0.009067517095280206
ck_a98848eec6c9581e,0.02540665960362143
ck_61176dafb33b2d8a,0.9371080134798123
ck_92de019e05971ce3,0.013838479786392383
ck_5d644224135d7c65,0.006177040775722482
ck_c767fc454fa215d0,0.0015877255707671771
ck_5df85a8924e11f27,0.05500609028700441
ck_da2729307af06ed5,0.01543689060298634
ck_7c6b577174af7a78,0.006052865124116989
ck_893b8afbe11301e1,0.004000487862083815
ck_e06f6fed020ae014,0.007332258546599516
ck_386680372fb54857,0.0066819479871620515
ck_7a7f3c4fe0c9d2ca,0.010269397605424046
ck_f908b527c4db422d,0.028599839327928322
ck_ec2eee6a133e9a6f,0.07446471312922269
ck_d98934f9fe0b02b3,0.003907830808067776
ck_398a1ed77b0130e5,0.010888979170044702
ck_d960af7a55b892b1,0.006179914227004111
ck_4637e54a9f79e2e7,0.004054833410823009
ck_02b9f418524f6650,0.016624902871899255
ck_d4b23804cebb045d,0.015461862757111604
ck_35b1939c48182a9a,0.015579571111743334
ck_2dcbb71e39d64305,0.02413448267145736
ck_47a884dec960ff2d,0.019613727256893847
ck_71fd8c346fde5cca,0.06809712793911873
ck_98e1992ac8e7d2de,0.02584444300192132
ck_ae7780327e210522,0.02175454675783759
ck_e6c584b4b1ad6d9d,0.013133087204095732
ck_344b2e326a6c3dcc,0.004085805734717188
ck_9aa899a5230b0963,0.028056320427145447
ck_e48d14d5b70ef5aa,0.014396990299445786
ck_59d380a0973b3951,0.009542711454078109
ck_11318f7c041a5ba9,0.0062196061118256745
ck_7061786fe2f22f5a,0.02201011764261539
ck_e77529651c416cf7,0.007678158699842299
ck_7f79878197340435,0.008155629401474497
ck_b0a0fb0ee9ebf106,0.007141503624122348
ck_70c7679199776a90,0.030118183423909338
ck_b9facd2210daca5c,0.053550394104224325
ck_9949f53c155b8dde,0.0032265934999697065
ck_1c607e24f2c4397a,0.030375915050447063
ck_aefd1ce3ce093cbd,0.0008412282121337342
ck_5a29b7018e43280c,0.002068852349327046
ck_69eb0b2ccfbe5f95,0.010571209243146916
ck_fe037765aa465c58,0.014222694698345261
ck_5e512ef5362a3dd6,0.005241727175125473
ck_544a9e80b7fdc279,0.002892430781889795
ck_7825494e654d5695,0.02260113356823983
ck_f1f2c3c623553f0d,0.0001838668146982265
ck_52730906e5b461eb,0.9140710846102013
ck_01e0689157fe9617,0.4639845484142009
ck_9da82e567074da9d,0.030234749201478117
ck_6a17384072f904c0,0.006604352838618028
ck_8d84d771a21942a7,0.0009670514989126457
ck_39638880292782a7,0.05017874161769275
ck_7d51c86e0eec72ac,0.01872048409818151
ck_45f4c821c70d134f,0.6187437817842223
ck_0af3c13ba56ce57c,0.005517788567516074
ck_0789a05e061b2784,0.399888473357204
ck_6ba091eb42ffa9fb,0.18185344428588057
ck_265accb3c5c32620,0.08542696767159724
ck_179039559ff7566c,0.019737781731923955
ck_17c0a6a92b5765cf,0.010317141498640546
ck_59371c9140239fd7,0.015793888799204875
ck_f9c4f8b4ce2691f0,0.017054682787464404
ck_a2637e4872cf4811,0.20807924540526135
ck_1de43fd6c6c22a5f,0.07225469264624922
ck_6e4f31bd108571f0,0.0020059415231076126
ck_da06d97db0b18851,0.001218987164553184
ck_e0346d5081e640e8,0.035037299587288497
ck_c1c7d4e62c9fcded,0.3217919547262527
ck_2595669e421299f6,0.047071623888771896
ck_3b6057d51fd4c7d6,0.00347367895206853
ck_c5f8ab515840a0fe,0.027392510390219147
ck_435cb24538c6f77c,0.06059337309486772
ck_d84b5403da4cea7b,0.032800286468633214
ck_c2b61a98d1c8f6dd,0.6984523205610867
ck_c9dcd92b2f836b61,0.1670253253959047
ck_9eb5b3f5f672c2b1,0.0009763404438391463
ck_e4cf189a8d31649a,0.008046415845227856
ck_6b114f2a48152b96,0.0019101504505557325
ck_3fb95862b70f505c,0.029394833934633532
ck_7f780f465c29398e,0.011733646894347766
ck_ee387f9da79e67ea,0.02350049210001569
ck_fa3b1e85d27af2ee,0.04457917898609451
ck_e739eaaa7a1822f2,0.0640893520552884
ck_dfa0ac11fcb1dabd,0.002184138167966897
ck_6e8751b571ea54d1,0.025727477697436916
ck_2d695f8358383092,0.014830368423149583
ck_e7dce27edb700f27,0.004561858195773155
ck_e322da8b213eab52,0.0027178605786832284
ck_d0b32e039abb8200,0.002643110459313846
ck_b354003302b272ca,0.008937320312718778
ck_f7485cba392bc294,0.26262650857808256
ck_d6a290ff8362c7b9,0.06415386350771347
ck_c56a44fe315c0389,0.011141884619123577
ck_f77dfe6512eae322,0.02545643693951011
ck_35fe969c58b9e70b,0.05070614025728895
ck_4c518637db2322d5,0.054084366105326825
ck_cb61902798ecc4fd,0.02170755240702392
ck_56e6cfa32156a916,0.0073274834239290725
ck_343e6ed2b9d35c01,0.0023414589744210164
ck_51440f64f7250ad7,0.014232539831223192
ck_295bca29c34cfe2e,0.10062943586934323
ck_dd30558576b45e7b,0.01039704824290918
ck_3a30132a57181fe3,0.01707001182252792
ck_4a733aeb833406f4,0.006753190107549513
ck_1b0b7c3d35ab1259,0.034856070858915886
ck_962c3bbf27cd4b80,0.1310062766667948
ck_9528e1d6b1707870,0.0055121288286046205
ck_b3263e7f31aab45f,0.04182083560605297
ck_e69195a3c885053d,0.0012474966792339688
ck_a907fa8795cd4baf,0.001003165426492697
ck_205c3405045bd835,0.00478979516109446
ck_e81fc223bed3c46a,0.0629169251980781
ck_363751deae40edfb,0.04281620288426005
ck_6176baea8cbebbb6,0.012146276488994147
ck_633e6579f5c74a5c,0.6247424924721982
ck_ddc11fc481eef58d,0.01449037640334909
ck_e975002c979e12c7,0.1599951997415731
ck_8e039b23acaaac00,0.029765721725088793
ck_1d6990d94a4d2ad6,0.060687022698749954
ck_e7b583acaa3171a2,0.03968280596281243
ck_c0133f60d39b2fb5,0.015657501342325793
ck_7d6bff85e7a694bc,0.0026446097942048954
ck_d305b4d82f63f647,0.004097739725654034
ck_22bd0fc71f95e048,0.03511575976410785
ck_9a65fcfc7916f93f,0.00030091756522434144
ck_d61c837b0106085a,0.04098819282163724
ck_be86a1db08dea456,0.021904902464015472
ck_90489c405e6886d8,0.005807979519130513
ck_0add2c321d579d75,0.01837816569071287
ck_482dea6eed92cbbc,0.02077576271484842
ck_c24b47184534cc2c,0.9957955922914861
ck_fa04ac31e596e7d6,0.03244128141765541
ck_084322dc5a3a86f0,0.008771797459565862
ck_ccb72a33cc1877b7,0.01415504657802516
ck_afaf374009d3b248,0.015852839033609296
ck_b53084ffede19a8e,0.003024049273984918
ck_4760216154c8cac2,0.5826048675885913
ck_37ad3a65db673e70,0.001994446761839713
ck_0c2932cc0d553694,0.02453276887678099
ck_86b853c52f20fef5,0.002039562359181114
ck_38703b7546d35a80,0.015500962605560305
ck_218b7e6e6dbd2da0,0.0006715285219567358
ck_402db4184982fdf5,0.018056805766462396
ck_f917c82af80e4a79,0.14969855296075565
ck_3c6417a233c68c73,0.025855691542010954
ck_98068c397d70dd3a,0.019690929653599674
ck_b1cbd6679c0f8d95,0.00551853862485638
ck_9e962f9bb0e7bac2,0.011196198263318174
ck_b08247c3ad567d92,0.21219532223059318
ck_3ef7a03ebb81cfe3,0.0017551776388983738
ck_5d7ae0e3562e99bf,0.06340730221031074
ck_c91a628236baf91b,0.14839193509623913
ck_7f8e816ca51755e3,0.3267403256868809
ck_5aadd286d188f5c3,0.0056831163818539645
ck_a037aff5f8128c73,0.007679377418354137
ck_5df6529ce8290906,0.00587487000550042
ck_5f3609511443e5a8,0.005140881442212445
ck_a6f61864fac3c8fb,0.005007857210053074
ck_2733fc6ba23ae46e,0.014621842808744182
ck_22bfb9246646eb41,0.6748545700871367
ck_bfc2a57d8fd1610c,0.46081605388095015
ck_49839e761d0e74e9,0.007847850420969776
ck_aa4ba931dd37481d,0.010728016514196286
ck_2f9fa0d61829f815,0.004313773342145924
ck_5b82c774df10d49b,0.0009395544705215109
ck_411219470d0a195c,0.019860454717340503
ck_d07485ba10514a2d,0.3678170414738347
ck_219bef979ee21bdf,0.0019845018924596696
ck_eb1006e7285184a6,0.013513413988011626
ck_fd242b18575e3063,0.10381674815341303
ck_95188150ff059c70,0.014982632655547843
ck_a9ca2f447b984a6a,0.017206861254639803
ck_2dd39723c4088b64,0.03638279632098095
ck_aa2b4c662ff213b6,0.028924153145608346
ck_1867b1199c864db5,0.07155220784373632
ck_850ec97a5a0dab9a,0.019242133259768507
ck_562320295fa35875,0.004290758442075907
ck_bab5759b07fe2bea,0.0009167072121709744
ck_b9f1465d803e57b2,0.15833825319231887
ck_8f21f2690c32c691,0.06492654060083762
ck_df87d6f61a63eb21,0.00904414554395002
ck_770475876d0e7e6a,0.009230809739047472
ck_b4c014d5c0cc9eb2,0.0037726531290498766
ck_3add4d23124c9290,0.0026167401031448995
ck_bce5b7fecfb6264d,0.08823718564060776
ck_604c17cb97dc89be,0.05114590464384623
ck_e52cbcd9aafd26b2,0.004208277678918623
ck_0ac9114076f5bf3d,0.00803389051375764
ck_dcc125b178b79566,0.0020623041620528885
ck_4e333c09f0c37dee,0.02471602505332919
ck_ff7e31ff8ba731e5,0.009482469809157668
ck_8d0532d24f1070d1,0.0007093577262565798
ck_3689fa41748a6f6b,0.0682732558160212
ck_7509eb97c1948b16,0.005594245499635426
ck_a9161cf1ca22a6bf,0.013737108915175699
ck_bed3e3db135b782e,0.10875972014768871
ck_9040edd974ef8e3f,0.6346182014996214
ck_fac32d76ed40f683,0.01018832247122768
ck_3d7b1078e2d57c69,0.005313363032508428
ck_dae09c4e074af5dd,0.05640186036400581
ck_fd84507228467b40,0.0883701431229369
ck_e2a2ce9b8cf44c63,0.01785809714196905
ck_cbe716f351d660d4,0.006077541938215684
ck_cba4162ef29a6d27,0.01666507382215095
ck_4f1e962ff8a29732,0.006240053086224243
ck_39a81899dded61e4,0.00703504166386349
ck_25382331551d22a5,0.0756387715625401
ck_6d64e1c07b19856e,0.004035980895683492
ck_165a868bdef28ad3,0.044253009937736384
ck_88774ae52e30e877,0.02420856706378303
ck_fc7a9d0643570053,0.004222435828984897
ck_c2017120b3b88a46,0.004167607645465452
ck_d115ac6b9fd62a7e,0.007695323536666689
ck_439cf7d51ec7de0f,0.004000684070660663
ck_2468a7e9e68a0927,0.006680926089387802
ck_7c418947124dee8f,0.04233087100846962
ck_fb0cf32c4a56f740,0.03336427810176309
ck_694eb6c43193afd4,0.0044859196410755664
ck_993beb188dd4abb6,0.014097284924548774
ck_77fa39d3b733c226,0.0766175889876696
ck_49969a9abc47cb69,0.02734073017320113
ck_d3f44bbe2f7e9b2d,0.005430915219937762
ck_fcf5b8216d0c18ef,0.005313774595670969
ck_daefe1e2d2bc362d,0.0035406766468531418
ck_9c9287cb28950eb6,0.029966881654034855
ck_c1d1a625b885a975,0.01616581665017636
ck_71b37fe47490b4ba,0.0007130802776694482
ck_5d16e257c0635f7e,0.23643041920701569
ck_15918075563eb074,0.0025339172386519906
ck_9a15fdefc47e8d11,0.003301642660640566
ck_6f04d047d1dde75e,0.00035729596635337334
ck_1af2c0b3b8d202c1,0.00466314243618481
ck_174be2231c5fd2b6,0.0017291580137580146
ck_bb0713a2a1d65982,0.018770502006883395
ck_0daec63bd5b0729d,0.013226662908519376
ck_c0b5cc3e8ad2ff44,0.020680617218718295
ck_35bee1fc12664644,0.11874735272014698
ck_a1c7cf63467df4c2,0.0008335187284047726
ck_ecb1e15f0b185ceb,0.06565137365812644
ck_f280d31f54a4710a,0.03107088078129244
ck_30f4b2ee8abe1342,0.12107823881975718
ck_66bed631354de5b7,0.006733887665401362
ck_c2d3ecd7278eba2c,0.0011791028759532863
ck_e901dec0e09eccbb,0.0026283779673512845
ck_5d038ecb3c8748a3,0.009826911462118957
ck_283c5bea94b21e80,0.004100443592411034
ck_7956c251b85f009e,0.7260667112366419
ck_9f5f81d771146aa1,0.000719208639811552
ck_9323e6fc1e168eda,0.8081185614841448
ck_10495d3a635b8d69,0.06681357037279273
ck_1982d571cd36eb0c,0.012890634085400974
ck_4f5d7985bcc2eda4,0.002451251437897209
ck_7df526b2b4410bb4,0.013830663636335097
ck_dbb498b1a346a402,0.0012420994022757992
ck_ef059997563e3330,0.004444180089076852
ck_02ec4e06709e6b82,0.0015555137753235416
ck_9782c86ba6485f88,0.0010886094691457617
ck_d69de468b44143ca,0.009690303781931957
ck_6430a8792f400e0a,0.012892428819807225
ck_8285bd3c90af94f6,0.014661899528512575
ck_985c9ca112000e9a,0.022826989971215347
ck_e679fbf4f4f4aa07,0.005284252660676263
ck_016e8c8eaf9d511b,0.04613539525129177
ck_bc996c523944644b,0.043887646560672136
ck_5b8315726f6204e0,0.04128877869998295
ck_78181f8e998e442f,0.0013964586275856882
ck_71c68dfd011dbbbe,0.8398613538942944
ck_db32c95ce2b6f502,0.8375364975370642
ck_755010362a9b1bc4,0.001348008486121214
ck_114141d85256c9ff,0.0004339249006158997
ck_9d1a5cf5a3b87e48,0.005842767384620845
ck_ab640420858ab5c4,0.29727050521391896
ck_97a8dac48dd62488,0.38281350258806907
ck_879cc3166fe1bada,0.0035149298569842028
ck_b0ed11080076e381,0.007869253177330672
ck_7334a9ec656263b2,0.014636448357007992
ck_6494f0ef13ce44d9,0.008081165946418797
ck_724e459b9ece38f4,0.05457936881957941
ck_7fd8b1470401695f,0.7438337618738706
ck_292f81186358b0fa,0.005788133916366088
ck_fa7de64d37287615,0.07586798367812068
ck_d00e09e66ed6458b,0.4587168288895704
ck_b8d210e741be186e,0.004565043988422708
ck_3db59982cbae4410,0.040817668882822074
ck_69887d0a9aaca6df,0.0006893824100921361
ck_4feb21e2fb0b3977,0.0038126459805424167
ck_08c6cc1e143475e3,0.003755493948281493
ck_fe6e168cdbb46b9a,0.04754911911287901
ck_07f1734be7fac56a,0.02526287110777224
ck_d66d59981307db93,0.05511683895879362
ck_f928dba0d587d7c1,0.002270779293693296
ck_786448fe3004cbd0,0.001556118992642109
ck_29ea329fa40ace62,0.012143453411434278
ck_7ea52b6f27edcb73,0.07264568315934056
ck_18bc51bbf3ef198e,0.048667755030252766
ck_44950df09ff14ded,0.001332396457151764
ck_c1466b52c0a10b93,0.014748096665383818
ck_6cdac067cc4db5c5,0.04552669405672735
ck_53f55c6e8cf2d432,0.0010009830436824554
ck_95945f48453ca532,0.05972545179095745
ck_87cce4126e215153,0.005620738379096982
ck_1ecd5516c92caa4f,0.0024442648972050167
ck_819b482bca14c068,0.18402685313502218
ck_a61a879dd46fc9f2,0.006010522608136446
ck_af70aa32c009c3c9,0.010315062114641851
ck_f4fe78e249092ab1,0.021999665320899423
ck_12c46bc52bf45b36,0.015207118535467102
ck_f05f5e4b40afa52f,0.026309234964030998
ck_0f8cb09d3f4fc980,0.058565818485512997
ck_80a64a7f0275a71d,0.003599573627050583
ck_683af7b1540a0b22,0.01764204649491947
ck_51fe0b613c076cbe,0.003625280894489789
ck_da1a2450219dcf19,0.04282533898674389
ck_2a7eba01ceba6c2c,0.04351215009695806
ck_4e329e29dfa743ea,0.18680890885404786
ck_0274d881d6db82c8,0.004642852155244601
ck_0af5b7d128035b35,0.007862600315028962
ck_ae0a7be6b0a0ea68,0.02302454271964728
ck_de5bb7a4d091386d,0.16488516716634183
ck_2bb7c17168a9d17d,0.022199964511092508
ck_0ffdff7b2f5fdfe4,0.0051978942387015765
ck_718a8390b3d42d7d,0.01650534972126203
ck_7c4f12d70f184533,0.0005145599173617304
ck_d3e2c26b8adff099,0.016932810601025722
ck_ac9d3d9754104cf0,0.003065740929664262
ck_3b1766a1d51f8f0e,0.2546969588290873
ck_a9bf75bea912027b,0.016929616472152895
ck_687eab3ffe1f8cfa,0.019137612620442536
ck_25dd0b02af5b2f37,0.039368920300119896
ck_1747fcc466f0ae38,0.0026102361954864627
ck_f6e9d14dfb6f3c28,0.02220437898049512
ck_c6a7bbd0adc4d5f3,0.026353696750329444
ck_46656a23f4456d22,0.5730585715166803
ck_7519260415c2998e,0.015270265312879543
ck_754f30ea19df857c,0.015072650726578634
ck_ba88a244d5f7380f,0.012580553872579725
ck_f268416945316815,0.008560430032304195
ck_21860dd2159dff28,0.003312627520003686
ck_7a86ef4e2beaec38,0.0020359456193462825
ck_0414507baeea936a,0.009110347946829436
ck_60796eb60fc3043e,0.004006779737364223
ck_1e0841ed17fe0562,0.015741886990807898
ck_0d641d32658d6e0f,0.0023380510947639617
ck_b36086ae6d87eec1,0.006722608088595967
ck_962e65ab33b5c311,0.9101042843487215
ck_b046a42684468e63,0.009833890720846164
ck_ab3426435b0017d6,0.012453476430495297
ck_fcfe06e44d09a344,0.053715687500129214
ck_0f6d916c92189516,0.01605425509473109
ck_d4c8f0d957c3965d,0.017720734032715155
ck_2ca83dbd728af019,0.003241274027811989
ck_2857a4ce9f72fbfa,0.0015291841680114908
ck_a60e6edc48e3d0ac,0.3556796250701273
ck_0cbd3b27063d4415,0.0966516155185026
ck_612089ec90c37219,0.050909453025085864
ck_ec4e597f17f473c6,0.003280941349053365
ck_1c93cc58f314bf71,0.025709922271936598
ck_2b359a979520276e,0.012166666869761053
ck_1496568ddc3b2d56,0.027550858438251388
ck_41d91dc9f5063566,0.025145915247490786
ck_4c5ff58afe3d7a67,0.009993305914922002
ck_81709736281fa3eb,0.002092670493208048
ck_d89abbab3d4957aa,0.009743927005836655
ck_52453401f88935da,0.03626188393576795
ck_a477654d34783e06,0.0033409521194387713
ck_72dd0dbdf808cb00,0.030668044906023078
ck_c183dff3781746cb,0.055973877692296524
ck_c8b7f241810b45e5,0.0015428838506987132
ck_f88028c3f306bc70,0.034535420074856944
ck_91d48d69e4f5d9c2,0.003372903064918212
ck_b74b9ba6d7c9aab7,0.11532437352342666
ck_03e904682dc73bba,0.012547779062778978
ck_fc6fed6ea96a004a,0.0094608690532318
ck_51efdd240e34c642,0.04452625194322363
ck_e78ab4ff52b5fd2d,0.009472388451178983
ck_4af7b97c24d89a45,0.023300667510399
ck_295c0072eca7f7a2,0.012925853185242593
ck_8abd1a50a9227463,0.036432955455295575
ck_ecaa6f13304e3dc5,0.0021896921130394923
ck_de436e7b319be1fa,0.9983325311720641
ck_c802cf8f61466027,0.003455879188743841
ck_3d83e0a3c1cfbf8b,0.014044507768296908
ck_28d2003c2d16e4b6,0.0005639485409913034
ck_8ddaf745bbb9cd62,0.0005433817018832763
ck_493b6256091014cd,0.022044280285682952
ck_a2245822cfea997d,0.0025938684225419763
ck_f7305b3c64cf8a03,0.03300436296849161
ck_9937dad93a0ed3c1,0.011109117996422092
ck_d654449f9231ad76,0.007409626723965973
ck_850e2b59bc535490,0.024539588109323458
ck_e55e5bdfc0242aef,0.08771981089749617
ck_d35c51e981b98c5c,0.009202462588676203
ck_27cdf9c5e6f0915b,0.014837946466163252
ck_d328db1e1052d820,0.018105247982125414
ck_0ea30eff5f361cba,0.004833704887049671
ck_9994323f97109f4b,0.9948622335473434
ck_09054e97bdf9624e,0.005556425778669299
ck_723b4afc388113c8,0.0035437630247538623
ck_588f6e6a6a6d93e8,0.022280226971919014
ck_e1d563fab4d6116a,0.003554277946298532
ck_53aca610e20598bc,0.007781384504493326
ck_c8131ddc7ed33448,0.009267896003727877
ck_899f88464305824a,0.02187274709812116
ck_1c17c65804f8889e,0.0076827611839029916
ck_45a16ce12893cf9b,0.023813380865572713
ck_f9d481aa4f9b2808,0.7239294709506728
ck_1d5d74169cf892ef,0.009523467421240514
ck_aba32acb61c1aaca,0.035791900019987784
ck_ec4dd3675a8d28cc,0.01979915523656417
ck_5dcd443fe0bbdeac,0.00426491265074185
ck_3a47e3f54475e854,0.008293196828689491
ck_a9aa5c344c315532,0.02155328108000593
ck_9652283c9f61fcec,0.0003430750560186544
ck_752dd3d2487f78ea,0.016452854695271933
ck_a821980ac4db9943,0.20534184288530208
ck_93e0d6befb67f7a1,0.030762756758765594
ck_e7a3881c3e36bd51,0.5281296674788979
ck_12631b78f8a03df2,0.002922380113072515
ck_57b8226610b48854,0.0034648188870017027
ck_352657008983fd4b,0.015809137551056503
ck_0841a5c24fd3dd28,0.013590408525195219
ck_db9b9d5d30f74070,0.021997902104635456
ck_a9dded7f6294e44f,0.10976349728263146
ck_91a16336ce3217dc,0.02422671711882128
ck_371bd9388b287677,0.0011570624331829918
ck_f285e5e1912a7c62,0.005538504640692742
ck_368b65fca69fc415,0.042030251996131154
ck_d27a73596b6500c2,0.021403134173928192
ck_2d963f9b2c4d11e1,0.07153518909974119
ck_7c500e219af39486,0.017305133003065354
ck_7d025dea5951cba7,0.014961302359258176
ck_32f632706608859e,0.01098061061047989
ck_53816231f3ffb48d,0.008456471616392463
ck_9dbe184e81c1ca8d,0.04699432636370654
ck_d74123617f22a21e,0.00779248280231686
ck_275386782b1606f8,0.002426176045696588
ck_0b0e79d33e50cba5,0.0053589527871435085
ck_ba93cb604f792915,0.03623953105971585
ck_a86cd653472eccbc,0.01725614434221751
ck_87771861e0447210,0.12979771129304085
ck_212380e0371d8a6d,0.022676099325218933
ck_ef0d702d7b0ed745,0.003553538966223042
ck_2b8f33e22f939372,0.8592130547384527
ck_480347ad92037105,0.013487171077222419
ck_20124c3a16c53ce4,0.005739350604144487
ck_c9e1e3229baae708,0.028152194196444057
ck_b1befe967f7a5ebf,0.07169784955388951
ck_4672167d7c989bbf,0.07693990987955122
ck_f0c44ee5e3a42e3d,0.018566871847553224
ck_c416357d20238a4e,0.007492264986818221
ck_d0f470f8078c91df,0.012773436523484494
ck_3a70b4ee59084715,0.004484550217641056
ck_179ed66cdfc1ce27,0.005672676301618236
ck_387e5a7f163c7837,0.00936630828736911
ck_08fb463e69f647c8,0.9909438917328683
ck_732f725747393ec8,0.034834429189968596
ck_7cc5e0fa3ca5a713,0.0065512839897725935
ck_ad4a4daa826ac68b,0.055950088574328295
ck_472e0be7a3b533bb,0.013606945945332764
ck_7190177963eafdd9,0.016964182115364417
ck_647ac26c5900f082,0.009663676171846306
ck_272ae2179bbd8e58,0.0033562916993806324
ck_09b0d8af304646bd,0.0012792746929025567
ck_ca0cc8ea9f344408,0.004241168586398084
ck_332ad134fb909869,0.01977357174207998
ck_fca2798914627dc8,0.0736065914314929
ck_4450b55f462ae134,0.0029210312751495925
ck_d67d9dfb60b286b9,0.0020386275042972592
ck_a9d2bb4f2bde7052,0.004226594581652902
ck_929bcae878a3ecb3,0.6415822039017944
ck_59a9e000fa275e1f,0.022625620172616115
ck_57f17254e2688637,0.026066626193514384
ck_0508908697f60ce3,0.10392482944905465
ck_946afc2943298d26,0.003339497616121319
ck_7176d12b18f2cc0e,0.011661785744054024
ck_5c47b49c26cce286,0.017136224834405942
ck_b6a2bdb2d335e1d0,0.9961291460463206
ck_1d58f6caaa4d012c,0.01859185414958233
ck_71c917295020ccc7,0.005394033020392334
ck_bc89644ae3688995,0.009401661851223264
ck_e7c212f16d6df272,0.03109953355392958
ck_c6d2e11a368184e6,0.0016025848338131067
ck_eed7f1f7548df15b,0.012786946817726172
ck_75b69034000ca7bb,0.03568126716752722
ck_38da3bf629458682,0.0013449654956923115
ck_90114c891239d821,0.0020805308049711094
ck_8ee08f6777cc155b,0.024865147683912306
ck_bd86132499defcd0,0.008004121783850545
ck_b95fbf2b5640aa82,0.016464735183211128
ck_c530235393360e3b,0.01754232596315918
ck_be52a7ec43241ba4,0.05574053823596866
ck_d96eb3cc55f2772f,0.013582451399157525
ck_dd34f0a844fb115d,0.18640137552041988
ck_17cc7b411f448e66,0.03234207444073897
ck_856ea65fa27d06dd,0.022940636772510445
ck_056d5f0301c30902,0.043835297406464024
ck_e662b14b2bab23a2,0.05852494569407747
ck_209f574c8d92274e,0.008226270301770177
ck_62720b81617896cc,0.02912740874661759
ck_041614694b77e599,0.005746140193453442
ck_461e3f7b97db8d16,0.05262839793120069
ck_1b74b798eebeabdc,0.008713885564705863
ck_0ed2739384f1d644,0.005841913099170777
ck_5a4d19f1b83feeb8,0.009184839936558182
ck_463937167965a1f8,0.01670012822972716
ck_9d7151dbdf100e0e,0.02156479441315029
ck_20a7d1ce6cc27312,0.01227840188189023
ck_6031211ff118cf0f,0.0031930151603447895
ck_a6fc92aa91e99b77,0.9760121917144421
ck_0aaaa9d2f75a0518,0.021599321256258415
ck_ec26e327cc1848b2,0.0047712303581199595
ck_0e6bebf8ae9b9b03,0.012023583731396241
ck_e107537a4cb738f4,0.008635448630321228
ck_e8ea56e122a5a487,0.01712343549771086
ck_98149ed45d38c4d3,0.040939350815878364
ck_0e719b3a6906b8f1,0.0005289110867795975
ck_0c6e7bd357e4a348,0.0014074555524995853
ck_d3b2b250da61db19,0.892809188322418
ck_8bb6b0a292754576,0.04598057217364991
ck_87d70f5fe48a6128,0.038945336376659714
ck_ea9edf9c107d429f,0.005425815906533308
ck_059806c52cebe4f1,0.2278906105855437
ck_a72d6df666e1c21c,0.010375527876341373
ck_1d2b80ab6c4944b9,0.007235651098638849
ck_60557f077abc42ca,0.2851287808423247
ck_e5f5cb7dd6ce4a37,0.05276249471348063
ck_4c4a939154446053,0.001402507106352718
ck_50ede3eb561a202c,0.01749716764335394
ck_6d03a542922b2ae8,0.02410822650754093
ck_d6fe761ed0db3270,0.028015613421484935
ck_7f0cd6ea3096f985,0.006374282054267165
ck_23edb6d938a3b87b,0.012805162121988171
ck_799aaf9f2b9ef621,0.01366436239772907
ck_f8f6a03613b6dda8,0.009050786973839662
ck_7cffb189f4f514ec,0.9696726545191017
ck_c081e1967dcd811f,0.02154848774425541
ck_583d6ca78c97d91e,0.39395211671740604
ck_9332bbc7125219a7,0.008059482936102261
ck_956b5af6d7d86c65,0.2086757832804468
ck_2d634e3f24681c0f,0.028931364669649007
ck_7b35d218ed0c5a60,0.013114215699512358
ck_ca5b1057f8248f73,0.016780840083679447
ck_ec5ea81cf813597c,0.009104673422484383
ck_eaebaf4d28400fb8,0.01844547189923325
ck_ae2ab6be219219aa,0.0053981032360490315
ck_d99a8b4c820eb46b,0.009343083791432389
ck_bcfb7ffb7cd428bd,0.012024910699721685
ck_3dd542c2d31be2c0,0.02091635690101758
ck_c7dd84401e29a7fc,0.0005755842593012496
ck_c4bcc7cefd40f8e2,0.0009663922474154181
ck_c251898b5d51e3b0,0.010109983578012398
ck_36d37be780c1291c,0.0009789116842426075
ck_99b4f266b61ae7ee,0.025233304887038305
ck_c37f03995f0f0169,0.003658392099791159
ck_65a23ac8e44eb901,0.002368596751510248
ck_644b1c1149eea9e0,0.015282572436574805
ck_9cf44eb0237c2429,0.0034339885652215673
ck_20541686a94fb71c,0.04517244898052758
ck_c18245be844680f3,0.020117734162899036
ck_56de216eda6b7fa6,0.0023437038144722908
ck_406c4442dee45cd1,0.0009285038195190818
ck_df1585c7d72a96e0,0.004075655713261602
ck_b8e8dba20676d87b,0.03162991282110101
ck_0ee6965e68efc177,0.03137748112189751
ck_c2a5c54ad8d0d297,0.01721959873957373
ck_bf6fb7e6470e95cb,0.001241961877387091
ck_27fa694569140345,0.0011140374279341163
ck_e04166b0ce66393a,0.006431381868496892
ck_8742114f4f0cb22c,0.09446577482801354
ck_6eceeafd56b42576,0.1730844357058105
ck_34f9951b0eca1965,0.010946872137060984
ck_384ccecd342a24ad,0.004177961231035853
ck_49c98bebd1338879,0.004105500261755257
ck_6c26c12071c91ff6,0.002531861433401092
ck_01e5986ebb9a78f1,0.017892022244838393
ck_121db7ba3be29ee8,0.013983081805427826
ck_039e6d5a330cea1a,0.225342992139127
ck_ae8c9163cf957d7e,0.005341782146558608
ck_3f5e8f3f1df0c8c7,0.09521916030942616
ck_b1c51fdafcd80122,0.01881166871013185
ck_12e2b5ebfe8986b2,0.003959768361618899
ck_d55eb81a4d543c59,0.008736943343625092
ck_f85155ca5c312c7b,0.02810297384769879
ck_133d8a1ac7c0e301,0.9952579336782661
ck_04212a9bb9b28696,0.9976026194600313
ck_4cc11c7d3ca61f73,0.012269938964452845
ck_2df4854186ec515b,0.01882787425407208
ck_aa9b28e7fc43af79,0.8507654748702503
ck_47cad6c3def4c9e4,0.0018845204107195697
ck_fbff7b5da8111567,0.005839035966666306
ck_bd25ea782e375b22,0.02236537121094757
ck_7989376f8cf64a9d,0.02605074433155562
ck_675c0ca1ebb1051c,0.006699636125284448
ck_1436f6e11d4008f9,0.008905234418040194
ck_812cb3a4482cc618,0.01459873599886576
ck_6e606f73a1094afd,0.01668185698399537
ck_1b708e2a4a0584dd,0.055421321950928776
ck_a60d6b324bae0330,0.005606279708306071
ck_706a4f673a9fda3b,0.6710192803948407
ck_a75ece9a9044eed0,0.002182667941746651
ck_9aa45c4e03c8c57a,0.03695721104471377
ck_9fe9bdce982b312c,0.051946267669193184
ck_c6fbdc5ba68a8466,0.012568656648832735
ck_ed0cc1b1c28f9511,0.06785517410744905
ck_a4e2607b4c8021e8,0.001006622765982363
ck_e02f93f51cc8caf3,0.00218633742087441
ck_7084ed3cf20781b7,0.029664351879901085
ck_cd4c63155570d6ea,0.0029419038192971926
ck_d1b9e5d32d2d789f,0.008347991889904665
ck_68f56f6560a7a933,0.00248708000685609
ck_8bedacc6233c6269,0.019123054289507904
ck_ab7cb50407d6b13e,0.039725294266099935
ck_f17ed7e0fd687742,0.09565715055625475
ck_b0fe4b92fc70f72c,0.0007180787934260421
ck_84d62b8196da2452,0.013109428199951062
ck_9e298cae167f4693,0.004138267537622586
ck_405b20ef9ad0ba5f,0.09072969075206044
ck_813e02e1ababd177,0.015613947607867272
ck_f234ab47061ba7c0,0.001034158268400767
ck_22b587c18363899a,0.009851679849839902
ck_4e862c2f48c38aeb,0.007134768671834575
ck_b89cb90a420c9075,0.0038615774414239483
ck_be2251640f27a3c9,0.10931479016012634
ck_46bec0bff167ed3f,0.023651283276395443
ck_c0032232c2868328,0.007542265795576869
ck_030cf09525dba4ba,0.002917192520699985
ck_6ecf56236789fc09,0.9303367068920558
ck_38d4ed52cbe6d123,0.027815876393935842
ck_2d923d957ffd4d53,0.004636304508011513
ck_3af1eb88728ed8c7,0.022117950216943964
ck_2f8120ca80a1592c,0.0021987051364238245
ck_6cabb1a133f0b151,0.011441920356914555
ck_bb6cf7e7b707731d,0.6674313646013889
ck_c8307fecafa90140,0.02491738992719131
ck_75f968be67f46d24,0.04543178338709205
ck_df6fe4ec5a233213,0.0022596614665423083
ck_b53e88c0e927d896,0.0010898171015140314
ck_f0093064aa28f4d0,0.021130817006611357
ck_ec9976cabc63ff92,0.00299104685068997
ck_30dac0a58c5590cb,0.15305659801911162
ck_348a525791ae6475,0.012305057012723712
ck_b898d912d1181ef9,0.010143543427213882
ck_f5b1200dc6f95760,0.014659984975086415
ck_54978a073e7a0b1a,0.008298360013707196
ck_55933936536a4071,0.007524895713875648
ck_d6ba7ffd2ae08863,0.021184241066535547
ck_404e2217fd87fdd2,0.005051141342997242
ck_dfaafdaefa5716b6,0.022659810965299794
ck_556c62e92d4e7e5b,0.1271751012020598
ck_7ce44f4e06d58111,0.11581848107559121
ck_465cb8ce232c7670,0.014215895889845325
ck_237508ca4fb37268,0.12897001357973284
ck_ba4a6b9aa63964ef,0.025022349437353188
ck_4802a0a7a1882c88,0.3321444022712024
ck_9478dfe4114c30f6,0.0035167169224821545
ck_5138f6c575dec64c,0.02044486402382567
ck_aebb42afe430e2e9,0.007223114744172144
ck_004efa95555437e9,0.005722449182772316
ck_11af112667c98394,0.013090796838021961
ck_44e9a18a8645c9d3,0.002064701876231051
ck_2605fd571219e28d,0.0012811726921006827
ck_dfc933493561d84f,0.02330721461825195
ck_67674348e68d1f25,0.0259015743537848
ck_dd97429277a2fa00,0.0678429528256673
ck_d3eab7a06eb48348,0.04090337579960254
ck_0b9fcff9667ec05a,0.006141304753071029
ck_fc4bfd6e739bddea,0.0019171262249637754
ck_43292f70a03ddf2b,0.044508339435999654
ck_5ff6108056a3fef5,0.008825315656679348
ck_767e0be086b5f601,0.04201677811530001
ck_b8465b1a5666155b,0.06438990045557434
ck_ab2e3fc56f5b3aae,0.06463363550622292
ck_1833c81d693c1e07,0.9296326431560703
ck_0308e0602b856445,0.0028945754743859788
ck_ccbdfe744acff8bb,0.012732621850452517
ck_b294aa27a0b586d7,0.0016304106227010347
ck_a3747201f377626d,0.9480510167174379
ck_edde1d7d1db24725,0.031212061490664394
ck_ae3b47d6e1063704,0.007959069459977392
ck_3aabf5e0f4defb41,0.0071601361303286785
ck_f034adb57391f3d7,0.0395814830457277
ck_533672fb40531607,0.21867210148584246
ck_2a244f1ae08ef83c,0.031036994218373155
ck_a35d81bcc54ece2f,0.008572655817929657
ck_78a61215675b38f0,0.014374110795845994
ck_e013d88ea7939616,0.012241920788805916
ck_e5018f9418e0102e,0.027236656184267644
ck_d4e024fcda401a31,0.0034170218031526287
ck_f736cffbdb82db34,0.0017358585810011756
ck_1507f5aa50cdf3a0,0.01563108756010396
ck_18270fee7c8fcee8,0.0017613025922054236
ck_95ffa1a805a1c9d1,0.005770544920334065
ck_11132d245b94d045,0.004483647829125398
ck_7b93a622e40d8b14,0.018494789419929877
ck_3854c08d17704347,0.027394842495954724
ck_7717fcb100dc4b5f,0.02656166280672137
ck_ba54e0a1c328119b,0.5834492524238902
ck_a7afdac4ecbf2de4,0.5152153934203519
ck_ecfb771ed2352085,0.0029052783894627367
ck_68be4fefc85a6b64,0.22487981264884307
ck_dac7c50bd6d0148f,0.0014420486984436146
ck_87cf36a03bd63c24,0.11979548546803351
ck_8adb40b168b59d7c,0.030103635707851347
ck_8d2f62930777416b,0.09676817034251213
ck_9958b58da9e3c21c,0.010554022803890433
ck_9440335375701f44,0.022284913165257797
ck_e2f88e202b6f700a,0.025540993217778894
ck_4c7c50684827a2cf,0.008007032734683646
ck_8a6ea4a79b1c7a8e,0.008288927342167162
ck_186dbff4b24a3bbf,0.37397650462741605
ck_220fda3c11c59b6c,0.06561176518773701
ck_3acccc69f8b1fd14,0.10772128393279395
ck_9de191bf79afd676,0.015792213808279283
ck_6de6b1663f9457f4,0.0034609797251174555
ck_062754f8b79b86e5,0.004467777156674753
ck_aa153a89a52f7eb5,0.017726627553991514
ck_34a6bd3be642f15c,0.019604429143003765
ck_9371c700d9830326,0.052534441714984156
ck_a99e0c258ad7576b,0.0057188873917748476
ck_0a7ba51d626e932a,0.02330194213160879
ck_852c50bbba1ead13,0.07138524166514407
ck_43dc13b6b6d31297,0.02951222208176333
ck_7d81b59d615a6649,0.030914017263248193
ck_39a3f1da060e88bf,0.007200910818793758
ck_6fb2d142c09ed3ed,0.08123699107810899
ck_6e5752b87324b58c,0.034285608230358595
ck_9441d48a12e8a4bf,0.05292599173059279
ck_09e9c51eb538b255,0.011877772552657404
ck_8d0cd981ed3a183a,0.030822536525166023
ck_57c07c45269ca8c0,0.0038365506540333862
ck_ccfc9ab888ba933d,0.005024805649200852
ck_9658a6ef471053f0,0.004885545476288383
ck_dac3852758f4ea89,0.003150574985503489
ck_b1ed2278f5f14d82,0.019303351823347244
ck_333544d173524f70,0.10879457626891115
ck_fd4582e3853ef23f,0.008081611445677202
ck_614d936cef98db04,0.0063431178689731214
ck_6bc351a3d57aac54,0.007919882747877461
ck_af5842fa7202ff25,0.007956894541165065
ck_81307759252571be,0.004058192328695922
ck_b4d2f02d2cd45720,0.2103502925340241
ck_1bd753a4681946c8,0.8922937099131344
ck_46d8c029d46867b2,0.0009797724103217953
ck_b7da6640fa2f49cf,0.2185361394336353
ck_9ea3d5a5a91fef9f,0.18527609985507576
ck_7b922518f667f76a,0.0014905115514180476
ck_2a5b31594206eb30,0.7914241432386487
ck_d9506476ad3f9e08,0.008481040380776222
ck_c8791f7ebd4d93c7,0.014689130134766526
ck_b5a3e20fd210017d,0.007656062593245061
ck_8e54386f4fe22cad,0.012221215769694507
ck_75296704f5806f56,0.0231531335556671
ck_0fbbc7a6af300368,0.00849685239763126
ck_d19bf4dc0627113d,0.0019736483441859676
ck_7951bd4eb99a0175,0.0005751922997810414
ck_059e4fac6b7f704e,0.002709018567530393
ck_2ce8931af02a2ce3,0.008121065710064448
ck_9e665618a4860306,0.005013791864760042
ck_6fce5a893613fd2c,0.0008321503980051582
ck_9e3fbd04e3532f32,0.16928481041815327
ck_55f2ef0de3420e3e,0.008900868006353292
ck_8d87658a6f5d204c,0.6952042641858597
ck_6d6ac1f5dd882aa5,0.0027485200850675337
ck_55d0c7012d7ef236,0.04118915720843219
ck_7738eb085e5753d6,0.010784147198490749
ck_0e6e05c3cc8c8242,0.004792341743767467
ck_8d27ff8383d48132,0.004292511328301095
ck_9afc3bb849f3a64d,0.015122021206447898
ck_27eb86a9898cdfe3,0.004973620629737412
ck_1d40e4fc541abe93,0.22396407127968393
ck_4fd9dc00e1913587,0.9486322552648915
ck_b26cdb2b7b165d2e,0.010227518806976525
ck_a79a27767a02e31f,0.019505880802165584
ck_f0c18cb9f951a71e,0.023058520725551424
ck_50460e0189de6274,0.6804771000288177
ck_5e5280539257c986,0.006331792863292441
ck_eeb854318b3a6f0a,0.013885163464140631
ck_943f66f28dd24750,0.0005995259728050234
ck_984dd7452aee372d,0.042211182620230436
ck_ecaa6de0aca5e9a0,0.026448197744494688
ck_8f1cbc432e2774f8,0.020618543451857634
ck_d91d9f8445b9769a,0.32342493000183503
ck_73c18e03e3c7612e,0.0011445113196444315
ck_aded05ada490da20,0.01391169134541106
ck_f744e208183971f8,0.003291685253468921
ck_02d4cef6358ad3b7,0.012719269059596198
ck_08ff5bd467226a5f,0.0013645463567597588
ck_f824b326d5089885,0.289152900681705
ck_3420f2fd520890f3,0.0007054029425019631
ck_1838cf8d00f5b1e1,0.02158525358030418
ck_a85182ad90b6f1e1,0.0016637644112891445
ck_fecb39c82c43e76d,0.02644292996892423
ck_162513e73782929f,0.02869245050677745
ck_2c27b77c59d8f23b,0.07434734378623135
ck_4221e07b17388fd3,0.04186728609089529
ck_adfb8472d5c3d669,0.018162615002476803
ck_0742fe64055d686f,0.005176705638597874
ck_5060aefcc8b6f958,0.02612391553699365
ck_643f549b4ac78a26,0.303853972430822
ck_dba767885bd6ad69,0.0022260657064498163
ck_0dda35c0c64c7073,0.9447082612592018
ck_38ea56d43afa5660,0.032297427209237346
ck_d813e15ac91f487c,0.12319353516930533
ck_4c840e5585a7b167,0.145547083941378
ck_cb8551453a7bb929,0.0070307910646307155
ck_05a00b1dd5a03359,0.009872507786778631
ck_837cc7fd48453a01,0.0073737385477560605
ck_49dd816b31fba6b6,0.7087425891899426
ck_86a61d9a39768e87,0.014449625830342585
ck_cd0e76f0e7bb38cc,0.03446483726478556
ck_dbe58392635133ca,0.03830161243802513
ck_3caec7dd6f8d02c9,0.08169402108852708
ck_bfd9bfc5b6ab4a54,0.2775151650053873
ck_2103399bdb2898a6,0.024486186781315873
ck_329f7de7279e74c5,0.009104285439435986
ck_9bf0d28119fc42c8,0.02787398946988084
ck_f781539b1042dc83,0.0032933773473131068
ck_9986c7d781ac6b4e,0.012825239804829905
ck_a627734880aca848,0.0015575090590629855
ck_2106e509d77fdb4a,0.27039407085618067
ck_420d1a9c604293ce,0.004986580046693658
ck_fce0610c527e2b56,0.028511256134394602
ck_073da541ec3f9d3d,0.01088036005412207
ck_aa5f3ab48c17fed8,0.09251181882770791
ck_0fc1086e1c9e04b6,0.033857568956363035
ck_5c33bb46c1a5945b,0.05223839518651691
ck_500948a8d4bd8e13,0.01377916800357239
ck_19becd44f2c3d2b5,0.030107815103715102
ck_7d0fe77dd5ddb656,0.03308579835592511
ck_f158d9e5f101bb35,0.007581847313025767
ck_cdd7c77823c2257f,0.14733391252319541
ck_6c7b41374f9b2e55,0.007170174811163484
ck_417090dbffb1a63c,0.03151262850337669
ck_dd0e17605f970319,0.019817810499204377
ck_3646515079e6be55,0.02275735844485346
ck_89c8b06aa8c84b2d,0.13707927023039318
ck_e4d6dedd97233c07,0.037152102776903825
ck_bc82fb1895fddde5,0.0014033343375524734
ck_88a8b1d442ca3686,0.01829302657738659
ck_5791f8f76a629a4f,0.04079995820136806
ck_9cf5e88e97c8c7ea,0.02778500475038251
ck_58fd684aa5a6f289,0.0007393818903505268
ck_9800c21dfbd8e811,0.0043502212469653315
ck_8ae64df60ab6ccda,0.00968079528235075
ck_e535fb0f0c00418d,0.06950935727189063
ck_48011996d54855ac,0.49796639491067896
ck_ac79c72a8fe3fdef,0.04997048637830423
ck_b8cc2df5192bc49b,0.03330571403111286
ck_e96a5e1f08f8a867,0.006313565070635837
ck_84df6770549e43fa,0.0026391357554532762
ck_e5f7b99ba6ec5767,0.035910360638158875
ck_8347455ab53ff620,0.0033542846477243246
ck_a84f2cdf695a71d6,0.0020736890847545086
ck_90456160115f9ef4,0.004468742482344137
ck_ebd178b3f3a9c50c,0.010055816704700224
ck_e1140be6157bacbe,0.002293364565650995
ck_744ffc11d32b96bc,0.012967995391883138
ck_e12a9f7d027e3387,0.007239953020136839
ck_cbe525da0b69f18a,0.026515773498366358
ck_aa59702537557ff1,0.041564632962189506
ck_0348cc6908f7f3af,0.0005820961583006791
ck_120e995d50956bee,0.04439183315605395
ck_9fcde1ff46cbbea5,0.0011422784162551354
ck_54b0b070689c50d6,0.0013156775309981464
ck_966a167758fddfd4,0.10449582496642149
ck_d5194f2e92fd6427,0.007578935352896414
ck_2ee84f3fa27f2cb8,0.0032799696579292824
ck_57d0a7eb7eae2eaf,0.05301011875767716
ck_6a2c4edd82e10969,0.0011401669630043529
ck_96e4d38ef670eaff,0.006321101201152575
ck_52cc2fd5095b169d,0.007474626051013929
ck_4b088920f3a844c1,0.029018867259318362
ck_8f3ccbd20d59f1f4,0.0011858505227345035
ck_e5e5dc431bed6f9d,0.006982100322419071
ck_e8b5bfa6838e28d1,0.023618039559668496
ck_4bfeb78b47b7c6a1,0.040237925741917334
ck_a705c61bd679496f,0.01604756411996134
ck_731869a0c39cb2fe,0.04041850835662775
ck_259eb102342057ea,0.0017316413353023607
ck_47a6005fabc33551,0.010897955073439772
ck_682262b455a9edd4,0.0011342142992812104
ck_e839d104854945f0,0.002884102871841767
ck_761989aa4c47d746,0.02665871687967891
ck_44211dc210139ed3,0.03769992376603943
ck_9915ceedf63a5289,0.07758128447138564
ck_da59ab47cb6284ad,0.0014041497599643156
ck_e5cdbfcca2456652,0.003693057717540834
ck_13f2560c6a1ec62f,0.032063779173656604
ck_a0543e9b3abe1001,0.15728715542902713
ck_11c7a58e09e6547b,0.02271203318236269
ck_69587a134d43a4ad,0.10526601746023721
ck_28dc0de0ae291f37,0.014352898243695771
ck_298922703c5bbe05,0.030466632240458053
ck_fa5ba9ed9ed6a343,0.03575337578444342
ck_c08e64d424e56c05,0.08849209006964646
ck_598e036a28262aeb,0.041733085209697186
ck_3f7c870510083a51,0.011664628072727445
ck_364f8203a3e98d36,0.7623430595598552
ck_7333cedb61506ead,0.002816631752043424
ck_1d96d7fd65f208b2,0.01623389577852433
ck_63133a79f23e2627,0.050079126715614576
ck_901d820e0b72abae,0.0010700335470484874
ck_5dd80b3c01457bd8,0.012026681248973315
ck_c0b8067c144ed6c1,0.005764021130487317
ck_cebb8aa8c8f62c60,0.007843351255465009
ck_79749eca42ff1f5f,0.007653665148857036
ck_2cc1d9b587f6da31,0.0862760075493501
ck_ccc7916b56d42195,0.008310308627198783
ck_e43e53cc7b8b8e41,0.01688370358130319
ck_4ab74a6e7450416c,0.004244278242480151
ck_6e44024e9de301c6,0.0014751302909804277
ck_dd78cb6ae2866cc6,0.010171671933041814
ck_c363d3b050baf3b8,0.14390304596438822
ck_2d46291975f0dd08,0.004667086417412292
ck_76ebeb5aee42f041,0.029018867259318362
ck_8395f004cf4d4c08,0.002243936709377208
ck_de7259c3741db179,0.014904358254470607
ck_3938e92585df2b34,0.04809339744377209
ck_af69bfcf4f07d932,0.013531432585031925
ck_1723900ab9afe374,0.05056770636038733
ck_3d58628d1c853c8a,0.007393236781140339
ck_12a074db100481cf,0.07939248148661186
ck_8716cbf892c50e29,0.021289625546144192
ck_fbf7351958ad9615,0.005408593191902746
ck_a50370907e6b397c,0.061772567506276924
ck_937402a60df0821c,0.0010209616383365047
ck_8ce9c5807acbef48,0.004551527888408156
ck_acf7d65eaaa4c31c,0.0025644083881920503
ck_ec3eb6dd0967cac5,0.06782398964864117
ck_fc832b0c90c9bdb9,0.9499646748483732
ck_8129e81cde280131,0.008964412508330273
ck_52c0ef68aa2fb8cf,0.01588209242877091
ck_06f042e9b1b662fd,0.050738082719139765
ck_0bf35dcf7b38f650,0.002026690099641959
ck_615763afc2e17a7f,0.002206371373351756
ck_e72db9d4b2fc9997,0.9809109188361588
ck_13757bf0eeb353e2,0.011566526524793433
ck_abaf371ec8249c4a,0.079723342269722
ck_9b7167da0920c37b,0.06011346870824253
ck_2e824b0b27494a17,0.029545324696603037
ck_9a0b605e9c3220c4,0.025557465628869885
ck_a5276af466b681de,0.002140486972826037
ck_9e0383e1fb6e214d,0.05189155244775696
ck_6a27c44b691dbfac,0.005554997636914054
ck_af39767cf583905b,0.012674496746038256
ck_243b1b9fdd3f9a74,0.005091635803927559
ck_c0422e638a9c6046,0.012169261896797628
ck_e0f3ea3373dfc4aa,0.014081679174579505
ck_d56ee1654378ffc7,0.021629112874397064
ck_20cd2f5666719baa,0.0003570267473803694
ck_4dfa1c1e9b69fcc8,0.009509670647076304
ck_5d22e9ca1d15180b,0.555502986528163
ck_f4a7ac178fd55f0e,0.0028314492976304244
ck_fd5609bd23a1eaf8,0.001739905632981009
ck_49c3bf13dc9471ce,0.007884559741401414
ck_724085c3452d4693,0.18879988003578185
ck_e5d1462846154a75,0.0358119266869266
ck_c69ef0f3e7d6acf9,0.13150693739866018
ck_a2d0417791d4132d,0.01925918361936586
ck_00a07fc2a9183c3a,0.0016840165122184508
ck_781b8288e54ba8f8,0.11509854841305517
ck_d74a62ab3804a81b,0.007123790919657347
ck_abcbde211b6267f8,0.026998711477981968
ck_16dbafc035574654,0.0028840541508069017
ck_018f780215ecaf38,0.004010736342361761
ck_0b259620eac51618,0.009204019960888571
ck_4f875342394c110f,0.031037830211161136
ck_399e45e5fe9beaee,0.0063315445007000575
ck_36224a2d394ebfe4,0.09556045466710301
ck_c189b551bd111332,0.0029131758184907748
ck_125c5a720ecb177a,0.07569379897972434
ck_76d010aa02eb477a,0.003071117330948387
ck_1071d14c46c92379,0.4915206561779547
ck_61d244b2cde483af,0.015832276948733473
ck_2ff1860da2004c84,0.0017385166810022523
ck_c5b583490198672d,0.011837922223398292
ck_1294f7af22fade11,0.07753246423455427
ck_e3a22799716df39d,0.0039038670189064104
ck_c77e22834ef97005,0.3793598461168016
ck_73d3689728270a2b,0.0017719103540204033
ck_295565fbf77ef885,0.005817384562320346
ck_80c0a7f54ff4895d,0.0028641965374724705
ck_f1ef5cf7f10b16c8,0.07894950732583911
ck_a958b2461ffc21a2,0.0877564318153687
ck_0e7899a57cd617d6,0.0038778714273896187
ck_9d4fed252718f58a,0.023913573477311337
ck_83c2c34add971d76,0.0010002178459747636
ck_9ccc030ba2de9fb2,0.025596943551506324
ck_cd691e3466fb3742,0.005932769682912541
ck_49df70f908dfd069,0.05565615085716223
ck_362ce13eec1e33a0,0.002598395388259797
ck_2452a30397dfc54c,0.00716743626131228
ck_a443d49c2b4863b0,0.006224454653109293
ck_c8b2e2cb349dd0ff,0.007343895129757803
ck_354909fecf5da8cf,0.0117442996227012
ck_841f598bbd54c83f,0.024339852874731543
ck_cd6fbd4e8724f994,0.03698284239780822
ck_e0b3158111370118,0.017716813145930654
ck_4c2f2eb657c2c60e,0.0050831663483063404
ck_ef346071f0b7654b,0.010405521027859157
ck_f3bc10e3decefce4,0.006345399059902408
ck_189b6fbe9b9192e7,0.008655646302200832
ck_5245cbc5ff4d4fa6,0.013437445668465088
ck_cb42e3be6fe87f60,0.010562615859470782
ck_966d4d713cbc7792,0.0014722435018059193
ck_1c8c969667cbaab2,0.6041468271557088
ck_d35e3aa9ef5d405e,0.1459260486137028
ck_a1c39df50a5873b3,0.05432041975146279
ck_a152165caf295b51,0.06246807316520348
ck_891eaedae139828e,0.005869041325389667
ck_1a46b56f4734d52e,0.007617522703268658
ck_5e36042cfad96c99,0.24006483918749788
ck_02a8582c2603e675,0.007358935528739485
ck_6def9d0429e4ed4b,0.022181716420385546
ck_e137400825a1e3e6,0.014786595739567452
ck_d91ab840848a54fc,0.0027147167149725996
ck_becb6e1c608e0078,0.003943943758801135
ck_6fd8c86ac719d7eb,0.10638354956465028
ck_3ed4d13f12fd9d0e,0.05295969847918443
ck_007337aa99a4891e,0.0022254850063627286
ck_60c3d8306527a08d,0.0005567801609940386
ck_95458880a54df0b1,0.34897670268973663
ck_b48cd8593533fc1d,0.6616663916054584
ck_021c6a4a7e3f1f0e,0.0014729847968326187
ck_764d40f865e710af,0.03222100960561858
ck_4b84357ae8ec7777,0.005925998522116219
ck_3397c7856b4669a5,0.0020596861369428757
ck_920bb003b42e6310,0.0016297655247178753
ck_8f59f11b512d5b7c,0.04829398852496424
ck_a3acf4b986afa98b,0.11704718827670586
ck_e89d25ed7bdeeaea,0.006043174786410714
ck_70e6bca473bf6902,0.00573509348961683
ck_186161ce152836f5,0.01684523740403219
ck_9191579254663f5d,0.006742689118132607
ck_1e6628879e9d653c,0.012094915461829243
ck_b498fa91a0776ff6,0.017186632137831687
ck_cfc2384f22954830,0.027944737603784305
ck_17673a1c2867888a,0.0008604477600029809
ck_523dce06515b072d,0.017175994826346706
ck_c20638a325ead2e4,0.00197541555511141
ck_d3877e1f907cc148,0.04487355979654918
ck_e9a2495dea8675e2,0.011968206793200396
ck_7e561caa5fa1f3f1,0.0629965607486302
ck_455672e652fe1abc,0.9454381257332886
ck_7f8f864fcc90ca82,0.019446763244621964
ck_1ad36046aaeb816c,0.004399161791614363
ck_de056e37c82e8e00,0.01142802807188746
ck_7484c214c889fe7f,0.014450355900912027
ck_32430e678c4f9f53,0.0072527457964855924
ck_6276ece8f80ea799,0.020997925460645005
ck_ae8e5dc4b725bc25,0.10792494502582183
ck_f01be92dc78a2dc7,0.008539113002824268
ck_233397a8bd40d38d,0.007759654649239503
ck_f8124911450fdf31,0.805068207299941
ck_aa0a3179f1111674,0.005429231600488465
ck_2366b29ed9887a5e,0.003248087832205341
ck_1f22f04dfc08cf27,0.00694830174404503
ck_b62276c3426d680c,0.0022882803655062066
ck_d099fca88691f66f,0.045678812281898254
ck_166bd1dcbaf4d6fa,0.001711337681610487
ck_7b1660e942436e12,0.011090004443959639
ck_4a9a791a1d409a3d,0.054264604509496446
ck_b003e5b54df65db4,0.020290327792939856
ck_64b4dcbf436f0b75,0.009573371981489887
ck_26e9a7bb2061a58e,0.026795160856808845
ck_08b77ad5f8f73007,0.006252696826549714
ck_366616a725afc6bd,0.02773493208590829
ck_934fb5064b6eefe2,0.0005079251126557201
ck_c6abd5d57b1009d2,0.0022530200255506247
ck_edcfa9e1cf29d813,0.015008377853344777
ck_c30201ebd003fdc7,0.0034732953828247697
ck_c54643d94d3ce355,0.03231858126981594
ck_02adda6e91e49650,0.02058643662518757
ck_5b73d7c5255e58a3,0.10334897370375455
ck_129ffae92dc01408,0.0018181367094835172
ck_fa321945ebedb916,0.04979589783915067
ck_8da980cb2e1e2bfb,0.022833224447821567
ck_0576b00d728bdf19,0.06674618569199307
ck_c543d82e22b3c8a5,0.0018361763122415763
ck_0027ba644f9ae2cd,0.13253551871644215
ck_8dbf61df902a6bbc,0.00254826076919363
ck_90eeca1cda79fd41,0.0019831631015656006
ck_86d7127391d4e01f,0.0014801573493491264
ck_73762038c7ff2f6f,0.00698700240816275
ck_a1484e6215fac651,0.4118125705133093
ck_cb83b9f806e90dc6,0.20938158638317209
ck_8c6f059c95872126,0.006682553205838793
ck_3174419a81e7caf2,0.0032851248223684805
ck_6a0f8f8fa4a3c2bc,0.020411616830805564
ck_b5777605668bfca1,0.002234469614533515
ck_27e4de495abb4d15,0.004659268611810936
ck_7f6fa79c7a107161,0.013769141703595205
ck_c36ed9f8e6792ea4,0.04026880067613422
ck_67a1aa88d2ea554a,0.05337187371256515
ck_09748dfe4df3d540,0.002064267420359265
ck_27fd85b1e38b675a,0.0030259054816065127
ck_2369689bd795ee10,0.014552963694324647
ck_4eb1c12f7d092bac,0.0003780919747572507
ck_01fbafc42c8e33f5,0.005980635207413656
ck_93c4e05699b3b7d0,0.005664725670994996
ck_afc484d1b6907983,0.009611283003011247
ck_1b2d9cae92a1aab1,0.05860128923167804
ck_73b729cb161487f2,0.0052166062443404744
ck_fe3c1d0ac090d960,0.0594223728212452
ck_408efac1d3885ff8,0.053395608806275634
ck_ccb4dd9d0a48a76e,0.004842523588154363
ck_2987eab34ca7805d,0.019541291652134266
ck_1dbf1f15193197db,0.03890755428368641
ck_4ed711fe4053e74d,0.027306108572926216
ck_6c54adce174f45f4,0.004569399352773057
ck_a6c740041faf0bd5,0.005835857819788713
ck_b05c4d33c4f43639,0.042382572856415154
ck_032880f1114dd51c,0.03276094337395962
ck_22311b037456a76e,0.0011199629354091247
ck_5866b413549765bf,0.003243692092636083
ck_0e808afe2570ecac,0.03640317848381383
ck_634276b05f4381f8,0.004140363643268708
ck_5d8773badd0d4740,0.01581722937501767
ck_82b5b79ce3517102,0.9074246386819859
ck_b378b8d8100ee4b1,0.015153216091445057
ck_54e581f71be5430d,0.005433528339047129
ck_798ba4b8aa544fea,0.0036172367795792378
ck_3fe86b6331ff95e3,0.1047856374911376
ck_81275d9d4c559e6f,0.010972852082147672
ck_99a4e5ef02d89493,0.04796444423932768
ck_54e2eb018d947790,0.04138477004273868
ck_966901ea9c77cc02,0.007849036819846928
ck_27d69ff4e0cb428c,0.14140429549117944
ck_2cee2dd7bbfc09a0,0.8473428257773047
ck_4136b00924695ab4,0.0006181466585943986
ck_59a164c40c03a45f,0.0769088178766564
ck_3e24b026bc66789b,0.0007214147765717698
ck_8105bcf69a75ee47,0.008850324560987263
ck_7a1782cefe26a456,0.059655229848186886
ck_970c7dc195161272,0.0008402125408602239
ck_a48ec0c00ae20e82,0.07868772714880341
ck_54b374ade34e1dc1,0.004827654191548586
ck_74e5dec189761d14,0.0008245684139882504
ck_4717f24f2c6f40e1,0.14878142110557377
ck_fc8cd8a8209e802d,0.008990730607927194
ck_71db4131d7efe218,0.009321805375287588
ck_45424ea6f0bc4650,0.28632291295177303
ck_3716c6181a5035bc,0.011167674112729231
ck_26de14b96bdad4f6,0.007329450214331351
ck_99c0a41ac9c73857,0.0009093782788355952
ck_645f15bbbcff3b4f,0.9960533261959451
ck_b7e25ddd41514d4c,0.006238994616714663
ck_d5c14e877ca7b755,0.002981738513496154
ck_05ea4440dac6cfad,0.020894587405229932
ck_c58bafff7b1955cc,0.019606993753688337
ck_f0cf85b67a9b840f,0.020574593236838357
ck_ce1500a7f0d03fba,0.019702933787470886
ck_d4972a775aadbbc8,0.005210817158475794
ck_3eb6146c262e0fc3,0.004402034628373647
ck_afb23858a4ef42ed,0.989323937155933
ck_2c1def5c91c52a5b,0.11263047677551413
ck_72e550559487b919,0.002797983320555792
ck_0284dc2b4f856b3a,0.16357998950864658
ck_03be334935e999a2,0.0056665823677986265
ck_e35a4b4a3cb4cedf,0.00756205605808148
ck_5abe57dfff4b735c,0.02151414885289123
ck_f5f87f772388efa0,0.02375264562423213
ck_5a22cb36d612236e,0.0030155653981830365
ck_8ff1e6028e764472,0.42891508465533607
ck_2ab28149b0986642,0.030430549947490358
ck_c88fc1bac79fa6d3,0.08185145278278479
ck_5b137d74bba6b1b4,0.0007779402527839349
ck_11f362dca2dfaf5a,0.018887214725687957
ck_7f960541e5174565,0.0010026179493984112
ck_d5458ba39ae94498,0.009367837636014708
ck_0a921a73a90c2e39,0.04910517289644168
ck_6ad56ef40086dbe4,0.01125261166353794
ck_b68199ecccf2350c,0.00176018162083192
ck_6dac66c8198c07d8,0.020309912440364203
ck_9b9ce7bebc235fe8,0.003677231673866387
ck_6b817117d87063a8,0.009928870709848913
ck_900d62b3184378c7,0.004128896256332902
ck_eafe9b89857149b5,0.01142904582176941
ck_e74716a525ee5b24,0.0015385672442790588
ck_4e9a6f06ab134102,0.022383414657174545
ck_b0d33b5a3716661d,0.00767104151619395
ck_8703543bf3134306,0.012374748984609166
ck_923d6a0f83accef1,0.007666755294679344
ck_52e37e2170532e2a,0.18425866789184808
ck_c1c5ea839c58958a,0.10494798347027093
ck_660f0006780e87e7,0.011896995714770417
ck_830b2c5d1818ac07,0.026503778592494056
ck_b080ff636932d1f1,0.000533651573234266
ck_38730aace405f2ae,0.985135952253067
ck_9790138467a06223,0.000681779831778853
ck_10de0b0d86b17839,0.009580354695719061
ck_c3e37a4d3382c32e,0.0023527287212124024
ck_dd8edfefa1eba531,0.0010889468431911592
ck_8153cdadd300d234,0.0017727069560483605
ck_74d0e7c2c6b63d36,0.9578537989341518
ck_c478aae3031bb328,0.003988574960758515
ck_cf301f2194975866,0.007677079817560823
ck_f4de03f44e3a5bd5,0.004029215929841627
ck_b06ce826e593b210,0.051262382514031216
ck_2fc70b6baf6a0e26,0.008057594956092798
ck_d208494cf5c90047,0.052740620171736606
ck_086d29ccae565e5d,0.0036205749267193177
ck_d5ef6dc116dee408,0.013274773840429814
ck_fdf0c5b722d83464,0.00395079533059613
ck_de8494b13adeffb5,0.003531091500449407
ck_556786868599143b,0.01063253861651772
ck_4940e78cbdcfecf3,0.00669135392159216
ck_d32fbbfe32c00416,0.024144949539548058
ck_bc7710f7e9fae649,0.0023247346909553487
ck_416f7ac57da081a3,0.017534828032533284
ck_6fb39b60c67d5475,0.003047377121571143
ck_e40a156511345d6a,0.0016231820218140874
ck_49ab879b5aa7fccd,0.12517429262443608
ck_bb643194d1cbc47c,0.9700001389758693
ck_b3ce8f1bcedfa043,0.017865026695288784
ck_558ebde8c29132a4,0.020450746569258344
ck_e6222925762273b8,0.05501393471278921
ck_bd80546b4807dd59,0.009150703698363806
ck_bd21164bd2bbb635,0.03914931174039334
ck_ea835557d7043667,0.005697200429570135
ck_1411a80a157ff39c,0.012156190083424223
ck_ab973888c20c9120,0.070834060391461
ck_95b48972061abe82,0.00809543543663555
ck_fc4a43f8876bf10f,0.3393156627287792
ck_f34fb7ccf82f41e5,0.007710810764001199
ck_5af9934a56801ac0,0.0036651088534064404
ck_fc7445ec76389a58,0.11833767752603046
ck_1eeacc26f02fbba4,0.01741856995604702
ck_4f325dd15c9bd45c,0.031217366820660047
ck_5009a6c8bbaf15ba,0.034293577820863154
ck_0f3de7f074bb33af,0.005178924089187967
ck_2cbc2f93a32eede8,0.04393620031806233
ck_4bb90a61c21a303b,0.008775579928583849
ck_3ade9eac7d7b0dbf,0.09669281920072703
ck_4859a58629622915,0.08578612699395251
ck_5fed957287ebca03,0.002634749494884472
ck_ec01ae5351500355,0.0015915703734691088
ck_703b41624ae6a5b6,0.003237324087845831
ck_97c38e7f61c27e47,0.007141543364982747
ck_db2c0908150cb2cc,0.04189594146403327
ck_64ac5e6fed86ab60,0.8458617766733948
ck_da1c853b0a061e83,0.05378297900342036
ck_9a36916b60178ded,0.8500886554535377
ck_3715bfa7fed2c675,0.0027278527333732035
ck_dd3feb77d7d4f6d3,0.014666361255748089
ck_982ebb24174a4ade,0.004236432969222966
ck_f6b7a10d47dd9a1f,0.018272910545781645
ck_1f56fe99f250cdf4,0.02259302826718391
ck_deb3ac0606d6f6db,0.003515611839127916
ck_e666629e5a41b39b,0.005731438015491238
ck_756d2c13d02b3e09,0.015571106467284164
ck_7bc752ae7cf5d55f,0.00826627096017903
ck_fc0cc4b25e6a8194,0.009206755038577081
ck_9b2b0e286de78a1b,0.008697766442318636
ck_24b0803447211bf3,0.014689539056635646
ck_82eed68d05a42128,0.07071839168067252
ck_c8a03c516ed5b05c,0.0707629008800848
ck_e914974cee1bccb1,0.014716539953181715
ck_0c533ff2d0f9962a,0.014638961243189905
ck_c12805fa5d970a83,0.03963760863224257
ck_fc2cb29918631f10,0.052483568857607375
ck_c20e89afe575549b,0.003776527360335944
ck_e1ff9e31becc27ae,0.0585737224044108
ck_18116d0ac08f1996,0.8834512614735964
ck_885a83975cea5e64,0.0016094776089053142
ck_a0c3059a959ba5d1,0.028536249440319496
ck_75257ca7d7da2861,0.0154849943609387
ck_2210f7a0d13bdbef,0.026038698435619557
ck_9cbd9ecf8374f65f,0.004982890453064993
ck_18f67c00ba21fbde,0.006055179302900334
ck_2d28f14d3973d8fb,0.0035715668147512356
ck_8b3401b44aaae728,0.002196706950615397
ck_9d8e9ef37797d3af,0.5611808438673715
ck_9f50920c894f64e1,0.015570894098982315
ck_4737e0d56c6fa0a1,0.015043399350962865
ck_52c311f29ca3aca9,0.00029339285549799624
ck_6a4981bc721df37a,0.019222224206133016
ck_823539d936c55fc6,0.0004537162804699098
ck_df5aedb4118020bf,0.9522882329080117
ck_a911a066ff0f7b56,0.02120231818713734
ck_684609767df4a14b,0.10836474215371429
ck_f2350bf355dc919e,0.01309996924454193
ck_8452b6cf97c65a5e,0.010831222675353708
ck_084cd84501012218,0.7333869945671687
ck_ace6b72e5bf3e93b,0.15020030061180867
ck_2afdd69094c955c5,0.09536288549345986
ck_fa7d5be26bf7b31c,0.10881849323396599
ck_4b041217690fca2f,0.060607672562905196
ck_9fb8e3d38cdf276d,0.7223224836676435
ck_c1ee56d65a42f59f,0.05201395574347736
ck_fdeaa1cd085691f0,0.020487516326801788
ck_5de33a7a87e9aa62,0.04149890526906844
ck_7476e7fe1ff45545,0.04396155605263106
ck_b0a947b498e47018,0.009618381388262829
ck_e3894ed88a7977e4,0.0031305558973887637
ck_c7e07ebfb0bc15f6,0.031400629349057546
ck_3a3daa8b376f2a18,0.0022227653511928047
ck_87809324c2675b0a,0.019347991584413363
ck_7eb4f33260f1dcd4,0.029395516410563663
ck_ab9f0e08af030060,0.021706427288210043
ck_5b8fc4a76f340797,0.024534447094210692
ck_0e7bf10ef49aa818,0.08355362039631685
ck_a44462a3853ac67e,0.9960065539054626
ck_2d14bcd2e0fc043d,0.0038312654661528563
ck_df1f2dba802296be,0.8266347663767736
ck_466a7316eaf149b1,0.06595562881213131
ck_50df50af592b0c06,0.006665769942245803
ck_5f9e34c849704b95,0.0016893354751259088
ck_7836bf6def26aa87,0.00893192862666687
ck_ba175b1bd8efaabf,0.0012674276957232373
ck_1a0aac7f7b94b1be,0.1552745092134543
ck_6768c4b2aa8ce586,0.006227633046573763
ck_eefcf0ed15897898,0.014910084708776472
ck_7a6cb27e390b6ceb,0.006068315023450436
ck_5275be4e1577c1c7,0.00669794255899948
ck_6bc0e5b8c0b7d2bd,0.03827044990923409
ck_4874bdec79f9106c,0.026429489947758202
ck_a678731156ad7bd2,0.3330002280969386
ck_db906debc36a5d1e,0.04264781114726546
ck_e87897767c612942,0.0221790996839471
ck_45ed5ee496ef8a67,0.0036534097234881646
ck_ae20e28f9854f3ee,0.04557561726647677
ck_9ee044b73943a90b,0.010296642568071746
ck_dab34cf6f0626c9b,0.040094271617229484
ck_64a02b7b96149810,0.0005262834951991454
ck_c417d06f3e94685d,0.005948396066477653
ck_3e0149cdee4cb294,0.026644876686027295
ck_0e6046fc30f81705,0.0074425625018346
ck_c383aeabd53e9c89,0.05195705984602735
ck_2ef76f1f36e8b869,0.13250781693979272
ck_43948784650bb9ac,0.017156240769393347
ck_bdb966f43ac350ee,0.03251619349089483
ck_5bea0e0ee0b094cd,0.0008512968346432949
ck_dff090f03ca5529e,0.004823541313046361
ck_a4691b57f837d88e,0.007729425773377709
ck_99ee90946395d74d,0.35893069060112764
ck_cc81dbc83a8879fd,0.005083572716432243
ck_f3dc0725621b3a35,0.0027860662039915804
ck_1bb212d1288b9689,0.023498270366036363
ck_9e7278fc7679f002,0.042353871966887884
ck_3ded7a8720d7e311,0.008381491513342963
ck_798157bcdb9453e1,0.0018920509407365158
ck_9fba80f56f357fe1,0.0053783814419786176
ck_f1e1c8491f16f912,0.005776546397077749
ck_7b1319a5ca2f63c6,0.9924352957263073
ck_124432fd5c92af7e,0.7663948411185922
ck_148cb0c723284dc0,0.0061758412554734805
ck_b56c62c950eda009,0.0012509907681141714
ck_a0498755cd8d7188,0.002748797064565089
ck_5379452a9d74efae,0.0008835765575917017
ck_6c2453229d608183,0.02950299878037362
ck_f9d8b4813a88c1e6,0.00401996582138907
ck_c2c7d1e45a521857,0.023359393864742593
ck_4364a83a11743888,0.001968899497567205
ck_2cdf5fd97ba75e06,0.08253058475833493
ck_71bc01291e0533a0,0.016525264983633388
ck_a725d7aed2a0bdc2,0.002118388835928423
ck_a9b0c4dbd7db6a91,0.04251697949405339
ck_a4258806a533efa9,0.010064023255811093
ck_905e460591d9a278,0.17191751326123725
ck_20de8abfd8960ee3,0.018570673706906776
ck_252b0a0f1119b220,0.0013956704974987081
ck_95e4bef65c36af1a,0.0016588432107714633
ck_5ab68b434ad53fea,0.00488149437396719
ck_13677a1957078827,0.0014704614235485488
ck_d251e9fa09e542dd,0.9973837201384548
ck_700cb620f300dd47,0.018945777775378925
ck_39a68c55a1bd3ace,0.14159524326657036
ck_61a59a7944d6c53e,0.10253842920402262
ck_db6d1c6d31da967a,0.005306995684024445
ck_650020c500b1b50d,0.014499742764640212
ck_d812eb6930192793,0.0010690355204846028
ck_92f6ebc11ebca89b,0.14600579506148761
ck_d87e26eb5bc84b01,0.0006685656622135681
ck_66439e697695224c,0.0014615654450972984
ck_f21efd504faa654c,0.010614069645772325
ck_15eed0f5652f0352,0.00565319851764136
ck_bcdbf57d98dc0d27,0.02017266226437811
ck_873ceb8004d3a9f7,0.035485207976965555
ck_70bef9ddd4bab005,0.001820372888686216
ck_7560f1891d66f294,0.0012801927680597736
ck_f439f16f8693883f,0.014697842189116213
ck_14f9535e53f9c7a6,0.0035033598821914915
ck_5984be472d2bc267,0.11155579843909527
ck_ed01be7504dc4187,0.04222158815271041
ck_dc3d8b5c17b67ae9,0.013390105733592932
ck_9dc23031b6b494af,0.019766461438120043
ck_fbdac0221bc03f66,0.006933043729185141
ck_863708a99b92ef0d,0.031268787793249125
ck_22b52654776a1ea8,0.6596766368395586
ck_a0714f98001efa0c,0.010198298411848904
ck_9c56114f84e9a541,0.012538675333449942
ck_e155cf506b2fb699,0.006185788364290869
ck_65ed7e72f24731e7,0.006718831734817081
ck_822d6e8e43befc72,0.5056061011945499
ck_b1182471d9ac6b26,0.0017764841054361442
ck_821446adc95e6da5,0.0043838409792804145
ck_ff182f033134dbb8,0.08210578054551199
ck_9c5feef7647b0588,0.008121459016232704
ck_df935d8bdd44883e,0.015247405190228571
ck_01eb24c18ad11fca,0.05319810156930515
ck_00d6730134a1eb51,0.025494240910541
ck_79ba8e85678d0224,0.015245534162348253
ck_97e3b04a1350f6e4,0.05477679879849962
ck_74e9747954a46eaa,0.007539948269770733
ck_397d5fcc9972f909,0.022519433571920593
ck_9ede89e8a43c3f53,0.07667962870348419
ck_303b33910d67f306,0.0029472964980531624
ck_3c17841636f6f7dc,0.013115707158337514
ck_78730527f8ba1438,0.281487959762728
ck_5ee32bc6bb5d1d4c,0.08560412366209375
ck_a13fee8cd925d0dc,0.014360081617822016
ck_6f847263379f2e43,0.07754000802530882
ck_9b9d9e579e7b55b2,0.05277089906332492
ck_87c1d0a79e79c84b,0.040067543214233885
ck_bfc453eabb472f91,0.002485525194217604
ck_978c21bb5fe3171e,0.039445974219066204
ck_dd882323474431d4,0.04967146624659047
ck_533c4f7400d5ab22,0.23251539021607065
ck_5f217bfe28954e75,0.9984694325625825
ck_ae96d35465b3b4bd,0.00799596880086601
ck_512ebe97c0af94dd,0.08251552275259606
ck_f558fe02bb0219b8,0.012830584005919984
ck_84092e23d5ef4d51,0.06727900469077511
ck_17d3022ca12eacd7,0.016554172321157905
ck_8a8f81bf3558fd9c,0.01070927606061813
ck_0ada6fed1864e7c4,0.034421007717073994
ck_21fe7bc59dcd78fb,0.004452828037278222
ck_e136e20c1c74fe38,0.006263990781822025
ck_e7a530e09d113dd7,0.032851193648654686
ck_7cb0c9ded4d63027,0.05806001280901666
ck_102db9615e722c9e,0.04921027183602414
ck_129e39ddfde92eeb,0.0013679065468971117
ck_d730ff21bfd7769d,0.013612519945875059
ck_54459b45d2be8459,0.003169357890736626
ck_7f1c20319eb60aa6,0.9928016587411111
ck_939fede90473e412,0.006242053860555846
ck_e0f9506a6d5f4a1a,0.0037865368626872242
ck_9a4967cdf49265cd,0.06867748951731223
ck_b9eaf03453ac7d5f,0.012000265710218092
ck_522477be6376b450,0.009541501908764025
ck_9b6282e3bad50710,0.015094993424475841
ck_a0e3a2facd508e49,0.045359095480013906
ck_97ffae702f7c3d08,0.001960295923072717
ck_344a95cb7115ec67,0.005097281736630448
ck_1f2760764afa45e8,0.0032749288083567456
ck_720cd658d11ea428,0.011804642441010997
ck_04e32ee9834c088d,0.38363178965218164
ck_2bb1389e5e72c8f4,0.025999516497753717
ck_961e7dbc217cfbbc,0.0029709946070649628
ck_f3bce4eccfa6d6bb,0.00564289837598338
ck_e0ccfa0d689339be,0.0032006234629741205
ck_98217aeafa0bfefd,0.020930401738966008
ck_a02aeec1914c158a,0.02604021396936615
ck_20a17e8f206a14c8,0.19128521548070174
ck_114c32aad4b6183f,0.0578313194220069
ck_79f5198f0decef20,0.002525461509155936
ck_2209de229b4c71c5,0.013176215286584862
ck_6ee939b7f396975f,0.012562515218198445
ck_202f0c14b07ace01,0.05777586685581385
ck_fa24db9d416ab904,0.009714581966097664
ck_cf6aa24b92c4d33c,0.20599015568176185
ck_45f57fb8194cefc8,0.00841524544345607
ck_d5eb179dc45394c6,0.035508850778763
ck_efb24be983342f75,0.018405252342885436
ck_245f5d62ead5ef28,0.010720258910838299
ck_15fe2a47fa7e92ea,0.0020537872976408834
ck_b6527a85fd682554,0.013423405118349434
ck_11f9390a11ce9ff5,0.02200649806510728
ck_ffb4d892c5158201,0.001191919171285594
ck_d4c1da5a1427fd6a,0.06600966202710261
ck_2c041b1efb1c5063,0.007588191985128243
ck_ecc18f40b33be769,0.13557589787021213
ck_0525349f3945375b,0.052597813777755145
ck_0bfe62e0c7eab9c9,0.02480820437176809
ck_b7c37d410b1646c2,0.02109061497093669
ck_4b15b0746318cf42,0.12587535347113388
ck_e5ee006ecd8ff661,0.02619883231029895
ck_ccc83cf66365357b,0.0433065354395182
ck_34a33ffe8339f66d,0.7540306192841799
ck_4e39e3b165edab58,0.5674585623819178
ck_1a71f8081ae00190,0.9885953054974629
ck_ed8f1200fc049c40,0.9485819777563892
ck_8a5a57858e8c77f3,0.017363200415467992
ck_fff9fdc2adf5100b,0.8440054431207917
ck_c76f1bf40f3b787b,0.0011160664132225842
ck_1a6ddfeef82b1b1a,0.004623950923550797
ck_478d2667aa9896d9,0.01468521952207106
ck_641c8e7694b21f3b,0.045550803096165375
ck_293581d879f6663b,0.8624401589814443
ck_1bfa8abdb22be8f0,0.022686961911994537
ck_05ab5b03d0bf9ce4,0.3312729880851913
ck_35694db37f0cde7a,0.0012276907094997546
ck_fe33eb743d714c03,0.020339086097771256
ck_abd10fbcbaf2b038,0.0036593817963747727
ck_46d51648c1bf80e5,0.1417863675104561
ck_5c8390017fabfaef,0.008974575852237368
ck_87d55ca333f22072,0.002210630069713407
ck_c39c6a1453e2b92c,0.0008103979138491062
ck_69ff1b0aa143a168,0.002091952844840078
ck_e57c79eaab35ded7,0.0063929616767186455
ck_463ae759e2b6ad1d,0.02313771963125281
ck_0dae4a7eb587f3ba,0.018958729798349103
ck_9b12fb56529ebc4e,0.013046896319953559
ck_1af547077ba2dd03,0.14602431248326964
ck_de13de941bebc7cf,0.0013398352384406999
ck_83dde7da2bf647ac,0.002298878216970862
ck_c80a94d4660041fe,0.03359526605256708
ck_f39cfeb277ef6528,0.0017988015053746478
ck_1cec1ed1512a2d3d,0.0009765547192785862
ck_7955a359b6448799,0.0006838218187438884
ck_8c0955dad13c3ca1,0.005092267293069872
ck_6d4cd2de601a2308,0.022522872160690252
ck_f4536ba8dd2d551d,0.011127087004637493
ck_b379c198d6db2d62,0.015745379553088516
ck_76ea90ebc74bcdc7,0.02078219523908924
ck_734f06bd4aa92781,0.05555441991120141
ck_677e1d0c14cbf569,0.002330379055012247
ck_259271c70f3fbcbe,0.040574365943775344
ck_c0b744eb9e7d4eb7,0.01041900027445788
ck_3d41faeb96802f68,0.0023500265939784956
ck_8f604fa70fc3c8e3,0.012325883485101838
ck_0b3c3bea0e0ed339,0.005474865498455295
ck_be5df076b8a86409,0.003283803562382877
ck_6a475fe324d7d790,0.028295097494775205
ck_3ba3fa5387bacee8,0.0015269596839980791
ck_324b9939d9c1c31e,0.0007466415428421432
ck_a7fcf7b592f68ca1,0.05287251580700298
ck_5b2728f7cca414ae,0.0007907230903669132
ck_5f4a25ffd0b85a47,0.01454124025133186
ck_63d4f5076fe4406e,0.003369613194234576
ck_af528d66c86f0cb8,0.008092392873982265
ck_ac7cdb9b8da7b5dd,0.017463459518568918
ck_3bece63711407e25,0.017798853867260486
ck_d4e0b2a12fcfc35e,0.00217135969978793
ck_ee3e7c9d3a9c74b4,0.06032608535643518
ck_50d7c4dab837bf66,0.00554497914677372
ck_ebcb93a2990fc914,0.0481088802419671
ck_2329cc9702cdf7a0,0.054708188891774215
ck_db1fa53d588bf99e,0.02320975444534589
ck_44e57a0bad5a0745,0.01911709477938915
ck_472c81a144f4631b,0.0008549131117834097
ck_1658429acd5306ba,0.009856145394608743
ck_466103ec5bd9444b,0.0062692604581055566
ck_9757163e25262b74,0.007798058144698146
ck_34ed59bc2c9b0186,0.007380880443670841
ck_b7bd3a7f263f4f29,0.024928583670529997
ck_149662b09d632e41,0.020726460346537814
ck_a9ffd6b3957bd41e,0.0026602510954382144
ck_ab80466ef615e85c,0.002835040038438383
ck_f2c824d3473db24c,0.005949920117710153
ck_a4a01fd45936b078,0.01717496180208608
ck_8f6ce158c2902877,0.0016066407264114671
ck_5189a302cfa7cefd,0.00019299991752632238
ck_430a3d03be588201,0.023182503017892347
ck_b5f9dd00914b4db4,0.005880599246301129
ck_52dec82e9cf6135a,0.00346340814697896
ck_95e444a01e2ab4a5,0.05939994126060959
ck_e37cee7b123692af,0.015341112320328282
ck_d68d42858a55adff,0.036057148862751624
ck_3abfc010091d679d,0.02726351362758693
ck_cee4e4e1b62bf82f,0.04121714018976933
ck_9ccb17c35e636c5e,0.009287466552564481
ck_f72a5a3b0d6c1177,0.00294087079921836
ck_7508aa554fae6afb,0.3171563904148769
ck_003aa842b7ca1d77,0.5250575827245808
ck_83b2b192f41ee2bc,0.09311613432548135
ck_64796b6b2c3c7f06,0.03320468445475391
ck_6438ae81d43cb196,0.011391767828464664
ck_2bd73d9098504760,0.13542975815572708
ck_aa8b9b36a099e4c8,0.026968919889261894
ck_e5ece47d0dd10526,0.015413963988499556
ck_16077ac345472e6a,0.005009341906971363
ck_a4d6e152b0076964,0.005364045189812158
ck_d90b1d03ae151f62,0.017022171124718967
ck_18b36d342b530af4,0.039256166961032915
ck_2a01e610348b84f8,0.03185516842670843
ck_0a93ed76bf36c8b6,0.008806852552640583
ck_3d56b477fe2370b6,0.0101478293059468
ck_17ab3068fa303682,0.004763613183140292
ck_592a3520d841d11b,0.019479491825935953
ck_84d07028b5fca2f6,0.017937088164336725
ck_f4a2bb10afa85743,0.003579793659079446
ck_4fe4b072f03f2c1e,0.001762495224828223
ck_9ad08fcc183ea1e7,0.005145366314978515
ck_130d3848b9dcdb05,0.01911800999989649
ck_bb399ed6bf28c230,0.04546203561920402
ck_a31a64a39a2c4941,0.00302865522134765
ck_c49f25dfb39909cf,0.17602191548395213
ck_55f50a9ae2db8ff7,0.0037948865220215956
ck_09faa4e771cf876b,0.015784114666436644
ck_df520a7a6e405889,0.007988479634387657
ck_8c8c98cc694ac900,0.019138124180985726
ck_7f0c4f609673ef62,0.017704406615930576
ck_f51fe59cd445d2cb,0.0101231827830291
ck_b3fb83f0d772a831,0.013165336511812798
ck_d6e7e257751c299b,0.0013577433165204834
ck_0d362ddb4a1cb6d4,0.034883598489882386
ck_a574a08edaf81781,0.005836482474120551
ck_a823f5bcb0e4b9df,0.0006731608548432798
ck_f792586ad0381eac,0.01166870394335858
ck_54bfd70022c66983,0.009480864998577275
ck_fe0a9372c9372de9,0.006022169654021296
ck_5691cd6fdb6d8147,0.006925241670525018
ck_a95f212a02433d23,0.005008065339998182
ck_f5adad75e1c06731,0.05140145831255442
ck_e09c97520eb0533c,0.016163442258845324
ck_a1e13c0d58560340,0.0007759412176712929
ck_cacc2ca410cbe80b,0.011929641812711337
ck_c0dde2a6ef1e08c5,0.0015045512694408312
ck_a04403073c90ce38,0.000707654848025589
ck_03d3026107175dae,0.018201562645858465
ck_50176dae5b1b716d,0.0022201732969084325
ck_6c084bfcb38e96c3,0.07389347267962776
ck_36d2be9012f7909e,0.022535410830710274
ck_958acf84c6137a22,0.01611971712244444
ck_114722e12db90a73,0.015208971884479042
ck_203c2a22c0c165ac,0.04449999699006744
ck_2c44ca550e5cfa82,0.03154706385365836
ck_df0a8f20ab8f14f4,0.023483534112247073
ck_826a27ff7555192e,0.005648081000445224
ck_09a988ebcf062297,0.057221886720990545
ck_5c82444b3b9160ae,0.02324937102827746
ck_f6a4a7ed27fe76fc,0.11082980263950297
ck_17de46314b5c6a92,0.0031373110793993576
ck_335e63101b1e6c4c,0.16624032883256712
ck_c5eefc0697451de9,0.11762347203319505
ck_49a0efb5d4067b6f,0.4085273621206984
ck_c1f4509c8f5dac5c,0.017497238011247303
ck_57658eda1c59bc52,0.0010288024529419024
ck_0d5c0736ec76385a,0.00056963365735987
ck_e0239e6ae30795a7,0.010822853314135562
ck_e4459115cd8e5e4f,0.04068021638706647
ck_bb4aec09d4968dda,0.12523438992912742
ck_a1b4c96faed3e0db,0.030042726815726305
ck_8247b79ac67aae7d,0.03483319687965247
ck_fe2fc7d6e5d83f09,0.006227355757113052
ck_f6aea576cde8d592,0.0003478314071788234
ck_b7e7f7d0cd886412,0.051418394621000674
ck_ca7b993e8286af7f,0.0023612457606325726
ck_47de038381a9cd65,0.030112705259676274
ck_d38f941d09eec820,0.021268164221096914
ck_d9ba2a6c0d926b4d,0.002384035598679593
ck_cda72f597330d0f3,0.004665096818424505
ck_16d2d27fadeeacf7,0.0035647777744791955
ck_be05447853d423a9,0.00046334579574073404
ck_cd92852d7376a4a8,0.003580440632527132
ck_2faf7ecccc9fec58,0.0013008670884074973
ck_db8733fd92f20cd7,0.01568359756333308
ck_a9989a3a94c26634,0.024762780015262466
ck_957fb25437c75e41,0.05938437863270908
ck_e6a6caf6e7de17c2,0.0114840822317258
ck_f7bc569b37e8bdda,0.008999164947820893
ck_703b375dd86a6124,0.020741514193721333
ck_d3cfb3603f2c6ca3,0.0344047306912451
ck_07cb2b6f2a4303e1,0.018527407211936287
ck_31631e2028d4f855,0.02143488806448967
ck_1631bab0ba1256db,0.011794715682834906
ck_5fdafeaec036f016,0.015360801941500263
ck_6eda4c36aecad602,0.011173067695474808
ck_bd1bf9e3e29de281,0.11757759864037548
ck_bf378ea558a4125f,0.5946539071978992
ck_7aa2deeda0e57412,0.999320323755367
ck_d229cf7f5a3f38ca,0.02039515272229085
ck_9e109edd124492a5,0.0048428171513852985
ck_779491819995625d,0.04521082681897373
ck_b89c6fa2ad0a12f5,0.0253361251338934
ck_1d01b4a609918c4e,0.9442705944607858
ck_714c5d7cb17bc9f2,0.008356773941880273
ck_269f1746f2609ed4,0.0039373283498655475
ck_4be03a2aa62b93c7,0.00047842118206096145
ck_cf920313f6dd28fa,0.011857762515649833
ck_fb00aae4e17740c5,0.015991863390029455
ck_085d8c42739e2b10,0.9974160262752655
ck_c72a7d0d03cf3e17,0.12074844553548833
ck_8f6ca5d3b17eac6e,0.0010883124979409794
ck_d9573100bbff4014,0.2778551477034733
ck_79d6793d1d0cf43c,0.0008651589093449832
ck_91fa5032f7aff0f1,0.049652536562204516
ck_87110d84872c0fed,0.020723682852355558
ck_8220da627e9992a5,0.002638165472957604
ck_2ae44938847f3852,0.0048301866359664455
ck_b0f191e44f9b6f35,0.08149613930964268
ck_3049d744b527f4d0,0.013900264344012488
ck_47d3e8d1dd3fbcef,0.009539575940126006
ck_ddf787359d2b5deb,0.0026752229415347713
ck_b27a9e39726b26d9,0.003429674363299239
ck_80c4e9274cf976b6,0.9893987871214652
ck_c6afa913168ce8fa,0.012186959691902336
ck_52427b3f8478db19,0.01171232677484569
ck_3b810f15ca0eaa55,0.015483469814018998
ck_0c9e420f97baaa06,0.8269479050032431
ck_f8540cf3a8b2f8c9,0.019682262657761095
ck_1402d24dd623df72,0.004560614884976986
ck_eb4f4267e24d042c,0.00799424344960659
ck_6f661b428d6fb8e4,0.029783538434226865
ck_519a26ecf3d29c90,0.003744506788200077
ck_e886ba71d4a6fd73,0.031159887015994505
ck_437f9ecd2016a1a8,0.0031373108742744392
ck_f01af1b0c977cc06,0.011233303711231504
ck_614f777c2eb5d537,0.005204092509648563
ck_b804e784cde9af8b,0.004809106448006726
ck_c2dccbc1b24b137b,0.17508890480132
ck_1df4a1781a0f6999,0.017024976982578
ck_bd2cdd53fca26171,0.008549567540816807
ck_424c254249a109f0,0.04784967717323374
ck_cf2ca4f286e289ba,0.03841874165366073
ck_6c33cb15b0d8af54,0.011532563053563908
ck_311d395fa9b8550a,0.004094206439660734
ck_9f792e7e721ff7f1,0.0028207508884216816
ck_4c37586080edb7fd,0.0008319598170435495
ck_7c4f42c5397113b0,0.003065144252040712
ck_fc418f53ce4aa579,0.951470075482364
ck_1ba28fb7ef726ce2,0.03031704230499225
ck_d932f98bf6b83956,0.08855511893620698
ck_248b3659a9239240,0.024627671768839465
ck_6a92cf5f4cf5de38,0.008906849484736037
ck_65519d0fb137e0c5,0.0035558157334374496
ck_ddc3fc99eaba2064,0.027689633146804615
ck_7310cda3bc65a73f,0.0019462547415570054
ck_c01c85bd631d4054,0.0026313093196353066
ck_b4954d16b9749829,0.021598679598675667
ck_f301f6758e170d66,0.015766961137292458
ck_9bf95f8c47e7c7b4,0.007964668242520682
ck_c91b7fccf6aeb4a5,0.028077114805407706
ck_785fa45e86bc5e95,0.018813393654363384
ck_2a65f1cc23f1180e,0.0008054301211841953
ck_a49a2c1f881a3560,0.0029313030879187015
ck_def344d68f06d749,0.017572059556833507
ck_abbd1465fc730d78,0.0069744611545552865
ck_07a5610ed28162fb,0.0207208751953126
ck_7ecdee2d7127be8b,0.020281321375442883
ck_67858bc00e81490d,0.0005566013689013645
ck_b4ad165ace910222,0.011744139046540382
ck_30753ffe481a1b8c,0.3219601051557192
ck_c401a26725b17177,0.0005766397668183313
ck_819988d8a7f26415,0.008083183466255939
ck_3364a1d9261b3638,0.02130301602720043
ck_c484c5bda389bf20,0.0005604031599930565
ck_ae416325fef92c9d,0.9457150976585096
ck_5517b9a865960542,0.005140616068088643
ck_a0e96fed380440b2,0.016192898361322084
ck_e83409471d2b0b44,0.01795528448624425
ck_127273af97d7827d,0.005290116726456481
ck_aaa9861c91bd14dd,0.020949144424163013
ck_a378c58294001a36,0.885993909516478
ck_abb9d65ff1f95b64,0.04478591566016564
ck_a5ecbefa849ae569,0.011075510781121239
ck_aa9953c0ca2bed7b,0.0045207719364955224
ck_40bc6de252865f32,0.0034435928765367647
ck_9fb11688dcfe1513,0.009313564208877367
ck_ba68841ca2ba073d,0.03774997672710138
ck_1d3e561a7d20be0a,0.9890418666808231
ck_99a92d710a29c1d0,0.03767875862950965
ck_ede2e887697ffac0,0.0028929366907046086
ck_e6de67c0d82a7b83,0.016026521455260834
ck_6b38763bf5ddbcef,0.012830568706856867
ck_8dd44eead7d765a5,0.02770114834478888
ck_30bf5b0056eea9e9,0.05256082261072438
ck_2981d16f8a51a8ed,0.03375571597530346
ck_fc60f42c68c7024f,0.04505550359859791
ck_8e2b2251ee224aa4,0.011571964870062863
ck_1906f0dfaf6e9bad,0.4901442865501308
ck_dcbe6814fc4ca0b4,0.05794344063996484
ck_f7e958a286ae3b57,0.007568169575304829
ck_713649668a7ca824,0.022272915609957474
ck_6f73cdbf9305e2ea,0.012394458431242667
ck_dd1c490050cd9051,0.038291106181961784
ck_e30db36e376606f7,0.1013679188384414
ck_740d8fe8028b5a2e,0.0032949793632517446
ck_ebbc9418cd41f692,0.0013477693291311524
ck_7b3cc6cc3f250f39,0.011210026733148819
ck_1d30eef7110809e5,0.08619430866632287
ck_77e0589ab339ca66,0.004125180736190141
ck_15ccbf8ff7d14086,0.012018044139994362
ck_246989b0c288664f,0.019209148750075063
ck_fc2a6e27b10b10e9,0.002109981905937647
ck_8afc1112c12f5402,0.011672058063733518
ck_a76e8d83b9141364,0.04244215283710987
ck_51d3e8dd7465c015,0.0034353312958249594
ck_e7b4016909405981,0.002265824258490256
ck_e7a3cfb9bf908e80,0.02688587793304727
ck_2bb49dc2388cdc1e,0.002779204217600165
ck_94f4266ee7871345,0.00786834501489623
ck_b2c896beec146477,0.018455959013065834
ck_fcf5d4a4748cdd53,0.0035628238024088795
ck_fd0483639811f62e,0.3121870432643422
ck_9a21d183524734aa,0.07033401264853485
ck_1df4b46c0a4c317d,0.024093561933311154
ck_638df9e8a22dfe0b,0.03242709501145053
ck_65acc43a6dc3e65d,0.007152696629388349
ck_7c67b73196e3d0d9,0.03923580968781128
ck_b0ee3a98175b462d,0.0018610844566809817
ck_20fad010969f1abf,0.004086406367257667
ck_54b087bd873af8b8,0.003945241573907578
ck_8007824431fa803b,0.0058836015825600736
ck_23aab322810b9fec,0.008809234865447886
ck_c8001bdb9aafc8a6,0.009139024063171597
ck_3a34c3ac83cf84b3,0.016861730967788726
ck_60187ac2c473a662,0.9813847690875163
ck_6a0ccd7357979f0f,0.09351253110985609
ck_27f20337bef5ffe0,0.014436916652629469
ck_f9fc468915afe49c,0.08182107781469392
ck_1eabc15a94bd9009,0.020540736382802505
ck_26896c494b2768ef,0.013885427791144414
ck_348c874eaf0354f4,0.08078370203444579
ck_be9c46acd216b45d,0.03361802370383116
ck_a3cce46d15cc20a2,0.06386996302275127
ck_70804f60d9704128,0.1104984725900382
ck_a019151ca8e7527a,0.0276723671054519
ck_571133b2aa8ead51,0.017858546178804526
ck_0afa4449f20d5196,0.008263136748576204
ck_4d503c41cf4e5034,0.02415645108004405
ck_d6fb9cc5171e3e9b,0.7733372289642335
ck_05ed92a7c3e10e5d,0.022304509934461238
ck_bfb067986660afe3,0.07105597538060954
ck_c1a31690c8573226,0.004449754204532875
ck_cb88ef3dc1f42225,0.0005671609374465253
ck_21e3b3bd998745e5,0.0722541088584951
ck_cf52e46fa54e4540,0.0024944890006443846
ck_b72c7ac4208052ab,0.03688799048529694
ck_e6465c56b337e6c2,0.011087757161490913
ck_5f87eb05d18186c0,0.011678060649273906
ck_263f6c5ff26b5e98,0.0032446144593336833
ck_e0b7e2c0bbe228d9,0.006638563538314076
ck_b657ae3c146cb7bd,0.0006057185063798741
ck_abac514d8167ea58,0.02469808903919044
ck_024dcab126876002,0.029205138424801026
ck_5d8481e2b38bd99d,0.016020504724382094
ck_edf229c17d25dac1,0.11855975745145603
ck_6cb7c97b72d6b5d3,0.030311581141774898
ck_c96ae2c28086a059,0.08822879236068093
ck_2f241b97c0f8389e,0.014652185624611359
ck_9158bdbb63ee8987,0.006745355558767874
ck_e7b40b60786c1530,0.006641774158771992
ck_66d38518f68e6194,0.0014633964839925794
ck_8c9b57ad2a991416,0.0055672837285421365
ck_cc91bd7152d3e9ba,0.005160220057454236
ck_0d846660c7957a88,0.007502294155030041
ck_60896cdac2212bea,0.08096007223734131
ck_dc4db8b932df49de,0.0825542821644129
ck_2dc31db181150e20,0.004803942141730097
ck_2f138fce1171e277,0.051919987660087326
ck_68b8b859a6ef505b,0.019158924860153716
ck_c3fe0c6c5e1f40f6,0.007758234556246794
ck_15886fe84866de92,0.021155929358481193
ck_ea269b35406473e8,0.0018837948756313166
ck_3ce7cad1f69b71d6,0.004943943161783389
ck_054ed4288ee58d6e,0.04915150982547909
ck_3d4913a86f207fee,0.022611472387667093
ck_23ff85f9d2355e8d,0.019664718472510855
ck_d87ab3261322216a,0.0007259119196105995
ck_fac046ce336fe39d,0.005821032249798377
ck_beb97e498e6cf8e8,0.04843561146121329
ck_1f517e0ebf397b51,0.01032528235519225
ck_0af57ebaa45877a1,0.005943770445230595
ck_f99bc1732ce5e999,0.009104278642599925
ck_abb056a9deab275a,0.012749770698528035
ck_0bfc394c5faa65cb,0.0822104330685336
ck_ddc865af1dd5670e,0.012470491665238451
ck_68b5542459638b56,0.03012566539869138
ck_0b1d84252c0b46c2,0.0017890897001693732
ck_520ec32c4f253604,0.024969549489779908
ck_79ffcfee599d77c7,0.007605825252192804
ck_eb224c0fd146253f,0.022841530746015123
ck_0e477084434da450,0.017400800237456777
ck_07840bba5570785b,0.01689083986038802
ck_6b67fe8e310ab865,0.010248095961507908
ck_e2a1068c2fa22525,0.027767604939370187
ck_b9c6b32f6bd92a3c,0.0030397001088467704
ck_c1e7d1021ae58f00,0.0008794323747691221
ck_5d7801201749ffde,0.020844058433059216
ck_c8806749e263f70b,0.00035315076966402174
ck_c9eeab826781dc91,0.020227034090987563
ck_309a432c160a17b3,0.007175118189169787
ck_b22e3337b8e3dbb2,0.0031024058456323674
ck_79c30169c71b8033,0.9632463126871681
ck_5a6593d954085775,0.00401028501154916
ck_70b9b79ea1aacba8,0.037374291375247816
ck_63743141ffa11f45,0.018838362689974696
ck_dfd3dbd0d97a642b,0.002417007946200783
ck_635646a661f05b4a,0.017658243308420734
ck_4b123d6931b6d0d7,0.2589035852186712
ck_f2b0e7a47f442557,0.6887541840875436
ck_1b1df006b81d38ba,0.011899171028179629
ck_360237c1bd30f4bd,0.006663111993984014
ck_5e84bca0e362da20,0.06346101227339208
ck_142dba210ed2f3b5,0.030539562546296563
ck_a3564236069e3524,0.0654274877749917
ck_cf36d8b070ded782,0.012937208313401342
ck_ddd6625c5eddad70,0.0005552333444222694
ck_ad54292a0b2f44ef,0.009031834074089615
ck_45cd5ef6b359e9b4,0.004872322843252727
ck_982c2392238b7be3,0.36163575470162534
ck_083e4ac78685c3bb,0.03270229875187884
ck_729cc0b46cc2e546,0.21047201560446632
ck_f2b8995fe5402759,0.008656026434392346
ck_73e24f5a8da289b3,0.036078217713201674
ck_bd85f30c36f5998d,0.04556205190710564
ck_ee4ff3aeadf912c1,0.008247750998446242
ck_63d2978706e193d2,0.03079005116121662
ck_6a0684436a1e66c3,0.619167766614353
ck_182dc4a2f5a366da,0.002026430314742711
ck_e6fecb82fc2a82de,0.007479619989536705
ck_cfb06f07394dfe64,0.0007319633156988693
ck_7bbe1dc8add17ef0,0.02225540622301515
ck_5cacad76e02c8e3d,0.8286305352096052
ck_ca68dec0c7df5a12,0.0037099064342780916
ck_e4c0fc52c82065d3,0.008010292110471693
ck_f9197b070416f443,0.0035905852958608804
ck_2a07c7021b71cf65,0.027282975145027727
ck_4fa85cebf707de2c,0.0008145144898712248
ck_0063d2a9507467e5,0.008063347458651223
ck_ec986285fff05b7d,0.004983722964858748
ck_279d43303708109b,0.01463184086441362
ck_a406bf11e48cf8c5,0.054886757334679535
ck_064b2aa3f0bfdb6e,0.010590798799836591
ck_95790440bc4bd2d0,0.021343154452165197
ck_70066eea13b4c34f,0.006655586362800307
ck_19468fe07e26f992,0.931967742857016
ck_86bfe328e0a533b9,0.6670189604459842
ck_ace3b96c977a7560,0.2501694145662738
ck_642344e5c652d8df,0.036092711145140156
ck_074be35c951ae10a,0.020199463342320294
ck_f14dce41036486a3,0.9962650554573839
ck_5cf67a3a747e684d,0.4161141765663387
ck_f7285b92648c1c81,0.003746239084303953
ck_bef3193f124fca5c,0.09692486165613778
ck_05c4dcbb45de1f8d,0.003601687820424465
ck_d7c28eaa05bb7144,0.007254290229981885
ck_320df984791a1b99,0.0016929040561924449
ck_f45bad1606fa00a7,0.005513250209967608
ck_6f81c199e986d9fc,0.004451752394469658
ck_d0c9633fed57c344,0.012468242731352951
ck_a3c25d6cc7478068,0.0027122640472583832
ck_4185506d12cf9fa0,0.0010809739987009844
ck_7a02ee1bfba7353b,0.010971459322660264
ck_1b52590757c0fbeb,0.01624904480267372
ck_a0e5656e1cf9cbf5,0.0027902289159177445
ck_ace21f6daef94f6e,0.003672862121247437
ck_646d8d0834782d6a,0.28289027518896775
ck_1f136a4476b5e775,0.023364822425714648
ck_325c7643cce02da3,0.01973202148970742
ck_9b5e7fe28208f5d1,0.006074530444428335
ck_05d81b1a150f31c5,0.0009660404519915068
ck_0e9ec486bff403c5,0.01029170916074006
ck_ee13c091bc379188,0.021848150363368395
ck_f7a7f8f5903617c5,0.016364209126324674
ck_96c3a3517153390e,0.0252680058144066
ck_538dad7f096458ad,0.0031578507684622698
ck_8758fc6622bbb7df,0.047541554557309545
ck_f7e53af3c91fec64,0.05605393265090816
ck_80b50fad7f255e1d,0.009258551240257496
ck_9645e7adc08631b5,0.0659555152837933
ck_e007aedbf37d6ec7,0.00798215750402134
ck_2951d76c41de2569,0.09003013589645883
ck_9439bff87e616d4a,0.02952114554643447
ck_a73045e96af0e4fe,0.018256281773402654
ck_7b382e533e2e925a,0.01363182052267489
ck_730226c2d216cacc,0.008013993674457865
ck_bdf837d761a7cec2,0.32241518674362457
ck_0b34197335ba3341,0.016151391977654663
ck_49170c4b31a20f5c,0.0005067048107811751
ck_cd553ba6589d8bfd,0.007324586994118488
ck_56b992c6f136fa5e,0.024702250921322205
ck_8beae3d7328fa41a,0.052335704689472747
ck_1a065ea906ae3d6a,0.004347511016432484
ck_e9e3381d5e0e5051,0.0023939487020314056
ck_a6d4f998dadc90c2,0.9712975362364221
ck_d36733da917115a6,0.034592580923691205
ck_e738e920bbd74a7d,0.01753742677433771
ck_af65eb885a51048d,0.003060622760686509
ck_73f4eb09af29b1c0,0.02092719301840017
ck_8fc641b1750a2542,0.04868616568026405
ck_41b954c7a948c060,0.005944909980568289
ck_25fc3010e8a0f6d7,0.008093869430086824
ck_a2624e0387974e0e,0.0982469196036636
ck_5cb9d7b2329d5ab6,0.030150483580000404
ck_6c83aa1d100a7cd8,0.058883535432001706
ck_67025c64588abd1e,0.0022650519663998574
ck_f5dde68f6f0468e1,0.001581092636430915
ck_46bfb2cfc29a6d2e,0.005035516433050875
ck_49dddb894d33f6db,0.05298134003647307
ck_f738b633b8862d18,0.0005193622867748338
ck_3d6c3c00d854f5a4,0.08286613516242869
ck_cdb8061d8d1a6c5f,0.004147907788117907
ck_5e1b81848718bdc3,0.03243035512679518
ck_8def763034187436,0.04083526434337884
ck_8f8e4fb9c6190272,0.005776435146138162
ck_368b968b5f33431e,0.0013974035954406258
ck_ba7e347251ea399b,0.03598553904149101
ck_9075432001a64e75,0.005976580979646404
ck_73c5371635aca173,0.7790934691516387
ck_81793387b38047cc,0.0023572812136957184
ck_0cf220816e320ac5,0.002596894599301267
ck_820219bb9c761b52,0.35460929099148164
ck_70a932ab39d86a24,0.0010687025705556292
ck_2c4be237a7ed79c7,0.0017270127093577045
ck_acc764b49ef02826,0.17187927618766677
ck_74c3c3452e4e7cce,0.003105833888847464
ck_34dfb57e5bf31d2f,0.011499576112217589
ck_6ec39903f765956d,0.06445044607097569
ck_5986119e7d81e831,0.029025060787336066
ck_2ddfc948b8eac752,0.10132778146477477
ck_921ff5ceaf40a968,0.04876943512944458
ck_fb3b68b4424b5f92,0.11831576055239829
ck_c3db1b3ad4f16679,0.010271580026851225
ck_124a197be41687f5,0.028625698392350837
ck_c58d9151834f5bad,0.01084910376770863
ck_389607982eb6b701,0.5842050998892897
ck_fb0c138c003e933a,0.0007402000839832737
ck_50d0bb7edd8c69c0,0.06616694185507965
ck_c6cb651149dc9a8a,0.005183916894586283
ck_81e21354e477eceb,0.04378489250645005
ck_7696e38b3e4197b0,0.020087447720343488
ck_586001d3ed9e7fbc,0.0042807797542851874
ck_bba413492dc46f2a,0.03635675271174165
ck_95b894380ad2702a,0.038664231863914794
ck_277621473369614f,0.996912171947752
ck_a50621b5eeca84b4,0.0019853484968169587
ck_bfa7ba218b988cde,0.05740169236086006
ck_5ea89567dfe78e4b,0.00828033312689037
ck_6c679602a6476ab2,0.008420261631782186
ck_d3885e286b3b11d2,0.04093976313486328
ck_cdcf6671b37c9c92,0.00980839619126067
ck_b5c93e6d34f8d366,0.0013339671683229174
ck_c24f61925dc158d5,0.06740307927204603
ck_cd09375e6c81d2c4,0.015037880511350929
ck_a95afc7a00303a26,0.025463023306710825
ck_8e89ca8b39f3f8ad,0.0024014215310253734
ck_9a84b396aada3fa8,0.11530507925005815
ck_5124a2e415384945,0.07408967660627179
ck_d66bb1f063357f99,0.010340102112209796
ck_0fd9312411b0ac55,0.027336103939910223
ck_ad8cbe6e27e47ede,0.018601975917927036
ck_8398adeaf41f9cae,0.02450858257731028
ck_dcf851e7bb5855d0,0.0028569125426356093
ck_9affb0f26776b642,0.0023069233589195414
ck_f0424b3b36bdbef0,0.10618716217834721
ck_66746d1090d6d9e9,0.004335352841740972
ck_e5f8c8a5824db594,0.006993568522554051
ck_3e91dcc209431984,0.028498642653883754
ck_126a82e8d42e5ce6,0.0030039976644991623
ck_38e4a74ab256e2eb,0.004205413605126898
ck_1225a97fc413a419,0.04026472048732971
ck_9b5ec0f78e160e65,0.0031340776551224496
ck_7c5529bcc079600b,0.04336156570448945
ck_29640fc2fe81c251,0.007381008961776983
ck_160e9ba0a3f7c1fd,0.0018704637583257056
ck_bff090cb4ab76b9f,0.01976579795104061
ck_aa06ed358e43db69,0.056558384333262615
ck_7264486eb512d84a,0.0054647379542795945
ck_f5a32e6160b28379,0.01878102261165812
ck_4ba8bec14c2217e1,0.00949820468073953
ck_610815786d729d2f,0.012973468348380693
ck_e267999226b6321b,0.0033645378517035518
ck_f3996a3c8eea1ea0,0.01011269622544239
ck_e9b75ed7567a3f23,0.01841660591626623
ck_d21612d48bb4f7b8,0.013478817910154378
ck_1f871df76c6a995b,0.05327882449030559
ck_953bd5de48ccd70f,0.7612911566689317
ck_02a9104419a6dbaf,0.010374397630988498
ck_1eeeee651e05d535,0.03491542179112263
ck_e2ab04136a442a98,0.008002091905504745
ck_f0d806624ef3d359,0.012682574195237798
ck_4b68b38c1b3326a3,0.013310535485310623
ck_74e60495f8861156,0.028725824944619574
ck_398f3f4cf05c721b,0.0019510039700503788
ck_f761b7650a0c1a85,0.015567037544190676
ck_7dadef33f5e2d94f,0.997560586105322
ck_6ff6883633b8c7ba,0.0016815369492104236
ck_4d2159603045109e,0.004367949489502306
ck_a38bd07a5fac5c9a,0.0068352216654466716
ck_f517f06551e69507,0.002086652781179897
ck_a7ea00a1760ad561,0.9597767464761079
ck_31fc51d5a3dfe16a,0.04102915358317687
ck_bac5233623b25ca4,0.009427335738720694
ck_385188ab27784fe3,0.05659061722053444
ck_9947a323bab5cacd,0.12371426499685445
ck_7973edc9f22ee7b6,0.029063481326526697
ck_f97c477986043755,0.007966780035376974
ck_1a3fd2cc4b4de196,0.003004093057683351
ck_e18ac29ea62cb435,0.05750255254893592
ck_9720a472a3e0140c,0.0033682862704705373
ck_668c7fc7d7e47c0e,0.03974225597887964
ck_214af0806470ef48,0.02182034405420359
ck_a46c1773f01f0be7,0.08514296507971053
ck_f2bdcfb4203ffdee,0.04338782645082523
ck_40e84e6ffe788a4c,0.021794620408451412
ck_dfc6f5712d8d6678,0.06925979042541879
ck_01ef1036b2e66a4b,0.013941083432714402
ck_3acfec10eec32f9c,0.050690324425849025
ck_084a85145c15ed77,0.004447035997471407
ck_fcdb4fe2f095fba1,0.038208857927594125
ck_023908db0a193076,0.11267909110956138
ck_fec0ff92fd622253,0.009807432379945226
ck_c009c97d5fafbced,0.12533821083234187
ck_eb9f0c06ee017ee5,0.016160236163121164
ck_d7792b429620fc24,0.0013844565053703227
ck_5e9e149a3b69c726,0.06699615108888417
ck_ce927322ef8f651c,0.019677090041814733
ck_b8fd61a8e82bce32,0.8712773345836972
ck_9aafc33fba1474cb,0.0030069523100261964
ck_ce81ff9b8b35562f,0.008303421031134335
ck_25bfca1d8eaa152d,0.008757161285776447
ck_170c65860e2a7e23,0.008773675565727175
ck_952da7ca9f33decb,0.022127520445108337
ck_1ebd574406235957,0.013847015647842107
ck_589109a188adc2c1,0.005144498922074145
ck_f0cbd5383bb07778,0.03920446951676409
ck_242521e261148fba,0.010620930173356191
ck_509cece86a558de4,0.009802192535698905
ck_0dd7c5925d28755c,0.005809640033010502
ck_a7e669cf1c3985aa,0.007562380979241049
ck_acb84dc2351eeb76,0.005260648083027934
ck_b837c7dac2a9b931,0.028973184227967647
ck_18eb1f9181f95df4,0.007763964860693041
ck_b0b9047dddb1ec84,0.3349894283817616
ck_43aa136bdb0a2832,0.3251186991241372
ck_3e47f8c56c811700,0.011196364396570619
ck_77c587d24695ea15,0.013732892202104531
ck_20578ac693ea4e93,0.036386793546533173
ck_b9f6040eebd1605f,0.06584049240817606
ck_ca9d86f65cfdf018,0.008585959918293154
ck_a4fa8833995c716a,0.007186642472233706
ck_f589f1e29301b5fd,0.01421237079352591
ck_961ddb8ff55d868e,0.0012921139073107319
ck_5662492a54e6688b,0.02546057847164054
ck_ad48826c1c26eb78,0.13614786081835228
ck_621c9ddde6bf2eca,0.05556015928765949
ck_417a3500b2c717b3,0.07915240280221303
ck_c7e129058beb3ac1,0.008983515824621565
ck_ec1c902b9b9b9c5f,0.1280486981348346
ck_317360ec0a67d27e,0.04292597566881741
ck_3e3ea5d8c4a229dc,0.05337330210832656
ck_d11d27de7bf0b973,0.38613110431197395
ck_d37d56e931105db0,0.008517577051358515
ck_4863077723cd6ce1,0.0006649899479476768
ck_479a065d5903e9c3,0.0009577556087537362
ck_e66ae4fd586fedea,0.011162990114229788
ck_192bbfd0d5720134,0.005436892720788002
ck_3b436cb29af99f3d,0.026558214129631483
ck_7c7ca54969eed187,0.029995629536471426
ck_826ee896c9f1144d,0.10793852936442136
ck_ba1f6dd43fc8a0b1,0.004639223972203059
ck_49685deb63e4e8f8,0.007974598810514256
ck_687ab5d5554bfa79,0.08128041723333829
ck_41346ccd9242cc8f,0.0012018732562310212
ck_8f8e5e2b9dfec3d1,0.04531077673429771
ck_94d5ce61a0c50465,0.016436907365550573
ck_6b954c75aad8c012,0.04894122310752046
ck_748af92828c9d288,0.004854634254709532
ck_dddd14091ce812c2,0.031082949923492118
ck_723323f6870fab59,0.03604142274910935
ck_dbdf8d0708cc6718,0.009516479414588747
ck_f04938570a154de3,0.01277597431836836
ck_58afa1550b3b5294,0.012746700030693066
ck_3b150afde386ecff,0.03165251848313114
ck_666b95e75d99ec4e,0.8175924187825968
ck_e00332597cf1eb24,0.012432937808211439
ck_9a9e3dac79280d7f,0.24305332815356712
ck_e8d37262e859d9a1,0.01516712819656662
ck_895bb39d24bc1c4c,0.0006827383337970939
ck_b367449195e36499,0.01771052486520893
ck_d23f9a50d1135ce1,0.12930810222012004
ck_670dc4910cf476c2,0.0004401466383189362
ck_3ecd8a5ce65e21ca,0.004507537334745416
ck_8584fea2df4c6317,0.022504103731788936
ck_0789ff4562202b20,0.0216521573377922
ck_749e0e50c3907be8,0.0018642864912506178
ck_c3ff6790cc6d7e34,0.005473541087371438
ck_75fb7e56432ee4b2,0.007259312821206635
ck_529fc3170fd11abd,0.061202718026852905
ck_34a69b3b4a681796,0.24729215086427375
ck_255f0e5888ae9e23,0.03748174801874951
ck_65be698386474170,0.0033250941962949293
ck_5eec9ed855c26000,0.002441504225465637
ck_5ab39bdc9610f6f3,0.2917624954276067
ck_1b5b75762f033462,0.026081139361941043
ck_d3e208671cf37f91,0.8930073798896393
ck_5068ee554ceff971,0.02009447626833271
ck_d7d50fb57fcb2d0e,0.0016200843282295103
ck_ba6e1115fceaa067,0.028132566147133126
ck_d07bfb16a4a7dac0,0.9275726315749353
ck_ead68310311690c8,0.9278082994239211
ck_ee53ce862bc9c111,0.050030300323902335
ck_97e56e6037024dff,0.004300791332940609
ck_80b04344c98ec072,0.10616500103968918
ck_5954f45a2ab45f43,0.03149595649139413
ck_18ddf7e836256e3b,0.022273384539716612
ck_89a1a780144d808b,0.017077520521894186
ck_a7331e8b808c39aa,0.09174359697692255
ck_a1fd0ad03ff9b776,0.024690700928133896
ck_c0cf50eef030b401,0.001700089208760032
ck_074f20921189e7d6,0.006219302120635569
ck_e2aa7be60794593d,0.20279071572482932
ck_72771757dfb7f7a8,0.020226800456538213
ck_a9cd84a6dddfe584,0.021791037535891164
ck_142c00f9f8557504,0.033968443805578806
ck_221b5d40358230f4,0.019333802706374758
ck_a2d7a563f520b7ea,0.008906255389857391
ck_66cd34bc568d95e0,0.020363472992333098
ck_a17128972d3e507d,0.011325459022660678
ck_bda299466bb2136e,0.01841762835397658
ck_2b699066665abe8a,0.01746625771408144
ck_0ac9848bd4ba0c14,0.001350166559074737
ck_98d2f9a6ba3a3077,0.8734982284912197
ck_a872df31b28a5f7f,0.14732708814788664
ck_7e73e1d44ce82ed9,0.011619946421180244
ck_1a415416f620d49d,0.025451810726688937
ck_c95c786d2f8b8edc,0.007163471642590758
ck_e45012f22b7f91d5,0.0022006260522032966
ck_aa0b083e2a6813eb,0.043743260667330336
ck_4666232ddbf77756,0.0031051293730023377
ck_e08e9c8ec5f23d8b,0.01965097089651178
ck_31d4c0518e5f52c6,0.005743559590514911
ck_c1ab40638f04cb02,0.010232019599608464
ck_4c1fdd1669c7cf51,0.0030307324473245966
ck_11662cc7940ffc82,0.03130110891801624
ck_2e679af24adedac8,0.0051099024899102785
ck_454b9e21b7f25a4c,0.0027200781064524683
ck_355c4f29089731e8,0.7816179058023319
ck_507e40760a24d2d5,0.016778059937955135
ck_0943e0f305078e34,0.9777789171222728
ck_abc54ed7111e9ed1,0.0014278823032118505
ck_a60fe02fc04407a9,0.08891289803393289
ck_244b897bb4d57c1f,0.011526159038240011
ck_8c84fcde93a04334,0.12108260271576293
ck_9eea37d2de633b27,0.0076397878058765325
ck_b2cb9e6610eca967,0.005487365138617935
ck_09aadb4c41b166f1,0.06828634943713924
ck_8d94fbb4828ef326,0.005764016836572379
ck_089e3a07abbe3b8f,0.0023916378902678072
ck_dfee9de05e3971cf,0.005580785073852343
ck_6abf8302ce052451,0.05625219558731908
ck_6ffa90143838a4a2,0.00260385637807098
ck_325caeab5c7a9c3a,0.009539125643163067
ck_1964ee9db929a173,0.8100416759877461
ck_942b95988a6245a6,0.10415913843397205
ck_913ecdeeb8e21a9c,0.00483352426995921
ck_ecf9794349eb4b3b,0.02787029459066034
ck_b6cb8d6ae828eed1,0.015569881143611216
ck_2f82ea66c4f53b33,0.12251368445211967
ck_6e676daa4855b58f,0.04328417021383314
ck_2a37fef48b44e9c8,0.022959342846148832
ck_3bd12d468fdc2450,0.01636064640374254
ck_1a28b6a40a6bd3b4,0.07539042446989837
ck_61b79dec96d15713,0.00811228219393523
ck_31d5e3daced93d3c,0.017811393720749077
ck_e6c8611c0cf233d7,0.006436450165303802
ck_f04761b4a937ac3b,0.010184789247808409
ck_38c1c75cf055031b,0.06870792832841553
ck_59a561f3df01441a,0.021577138536532346
ck_04e40f556a5062ef,0.00776598012437319
ck_8409716d174635b6,0.002262483677225273
ck_3019afee83342701,0.022390544015556228
ck_b51a58e7f032c9a8,0.04189363811334821
ck_5043e474f848346d,0.02082550386471885
ck_4388abce33ecd01b,0.6630510755267277
ck_c93def7392f0aff5,0.07005050835528706
ck_72e7b1acc19df820,0.007599357676193398
ck_f253130dc3ca5b3c,0.00770447562097189
ck_eb264d1b180d4b4c,0.028112419345774034
ck_c2504f5a113433ee,0.0013016022536253096
ck_c16ab1e4dafb4910,0.17249948341343566
ck_4bc42878fa180991,0.023545502673490794
ck_1c771a7c78f6622c,0.0526187574802719
ck_d523f0e50a2747ad,0.0028392517965035694
ck_9060f4e7ab7a1b0c,0.02636133235012608
ck_6b55ec4e87a5e22c,0.12932032054070486
ck_55fc62a5f89a7251,0.02405240482413337
ck_bd2545c62f258231,0.049697210049900215
ck_1ccdc69d0bb712b4,0.053960145979165985
ck_710f867a3bd5898c,0.0018066775358099088
ck_f91d48c40337d375,0.007689375226734772
ck_f76d929541ed41dd,0.05745191074618861
ck_e26a6659c237b650,0.012142306057080122
ck_184983177b73dea5,0.013202693490942214
ck_6d0d081bfa8a0022,0.0326778064354091
ck_2f6e64f638da0f97,0.0028400853080182645
ck_15b93103ccd38609,0.011899223581660184
ck_094d10439b7b4eac,0.005488621930216787
ck_d2ca47180a926ba2,0.009930436429775298
ck_a69ca7b9d70972bb,0.005045577371084038
ck_68914e67343a7d32,0.011929640748090813
ck_8176616132458c0f,0.017628621039465234
ck_eee99af3598311b8,0.023352455995680886
ck_94410eedfca91304,0.09647203742345528
ck_cfb11a0a2325bff5,0.0047095592206615805
ck_75217ee144b715f8,0.03183517022228469
ck_d56fc799542299b8,0.001169204885395897
ck_4c352dd3e7c81269,0.11373650609550125
ck_e23e50e02cb3904d,0.061133370939227626
ck_b921af37d500e139,0.02367917456096334
ck_82181b935360dcbc,0.9917564608790823
ck_22a7cf3b99c5e5fd,0.016612649681643072
ck_f67ee7910d532216,0.013172709623108226
ck_5f48762a14a0326f,0.001353191883219709
ck_1757fcb0e6e3f88e,0.059352545372300336
ck_2c2f080ba185016e,0.02553570083590072
ck_4c25570eb72711b8,0.0025533615336330254
ck_a3be871ca22ac416,0.028638101035523784
ck_ab70961e7c6695b2,0.00900035611337194
ck_a1cdebfc42a52448,0.0043526892811029914
ck_f1b80b821a20186d,0.016817250005445063
ck_ae668e4564cd2aa1,0.0033554429425622263
ck_0e2bc3a5afa439d8,0.04826084210198943
ck_3dc378f37d0b74b8,0.024688370600706545
ck_9f9555197480d1cd,0.00995666820422462
ck_bf4e7d48770a4a8b,0.05010050245766407
ck_614ef655f0685060,0.007688872180580154
ck_04d2ea38ee27770f,0.0006839061840527515
ck_e03a9d8ac94161d5,0.00475134010387568
ck_d4007b5b26d9d854,0.000891738921878251
ck_2dd147ce6d61749f,0.008505610566089106
ck_ff45764ea7d6619f,0.04402172912853564
ck_dbc487cb0a6c18da,0.8953986472444448
ck_791d5392bbd80447,0.004051287759719801
ck_b4068439c413b150,0.01554950664365574
ck_85df7b7de9700aba,0.0034489607042032557
ck_001e42551cd06e40,0.0077359271503865895
ck_a6c02ae50932cd9d,0.008782760516483707
ck_9fd0be2c018ff5e4,0.01072917039271438
ck_32a495128395fde5,0.002224386857003853
ck_b6f2a2fd232c141b,0.018161783722947338
ck_28dde633692904b0,0.07903898492987094
ck_a1a93c5f375f6021,0.002858142458274487
ck_e3982142336782df,0.04259009018796303
ck_a9812ff3c111ea94,0.03540065429889264
ck_f04062216f95fa00,0.02293412020683928
ck_7c560467daca735f,0.0003455384982437566
ck_76ee10d6e2dba70f,0.05349687946486822
ck_3521243bdac61178,0.025040145312746488
ck_28588fb03b320520,0.0340435813913632
ck_580dcec33ec232b8,0.02341941039749905
ck_7109923fd7dab20a,0.017227020768751492
ck_7c872c99481c1e9e,0.015677853140632154
ck_46f4e1f5026f4d1b,0.0005031896953674897
ck_00d1ebc31ec4653c,0.011643988594557569
ck_aac70764dde15168,0.008756455583695697
ck_648c03f9aa4e45f1,0.026319915819644088
ck_5478eb69ef912785,0.11779684421597136
ck_79b8523137bb2603,0.042736278998613215
ck_795c49f312640019,0.00036175201973427754
ck_89184bf7b7fe41cd,0.2657567282074087
ck_97d4bd922996fa10,0.007289048063428448
ck_1cef30d08f3a598d,0.0036596071643751065
ck_2f9fd36a4a40a6a8,0.0008800068339861391
ck_40780fc0f8d6f309,0.023494703086358693
ck_9083ca9fec2a7f4c,0.007673864472662094
ck_62081bc35aa59931,0.015657291015989155
ck_2e1b46c5fc56b863,0.07464949130991635
ck_3d139692c51b604a,0.0634742323308049
ck_b5e54e22e3d6960a,0.00785616159681349
ck_c0c4be3f44311b04,0.005316381769525211
ck_82a8bdd2692c2a5e,0.0013204377847912732
ck_bdd2da300b530c5a,0.02202862109966827
ck_ee40498cd97183d3,0.014073764901262747
ck_70b9274473bd6dfe,0.0024478826403471184
ck_473d6314ea614b29,0.007350879515904945
ck_7443d6dca8cd1352,0.0023998790039746172
ck_3b49768b448b071e,0.02870078889934556
ck_b43f04431c267dea,0.005798195319934076
ck_4424a5223ba2fe00,0.033475715552563214
ck_819bf3e8231f4081,0.031083132298355968
ck_91d417507a8c58cb,0.24701335327590268
ck_e88e86b19cada4aa,0.013885461029271804
ck_59684167f9c6bf4c,0.07787890249680698
ck_d5f5b0dc97b9dc27,0.01782719966077052
ck_13d1b192bbff8f32,0.018570594982496733
ck_b21d8630387cabce,0.014557094119055626
ck_e4ac22046699b99f,0.008998152521316546
ck_74b848064f2ff45d,0.005749801463936276
ck_166aa980cc87fa77,0.11952061667083937
ck_98e337806104dd88,0.0019839139307335357
ck_66eb09be007f0755,0.01671279806314808
ck_3ec9b9d8dd7be11c,0.023993147191362533
ck_8b8b9de339d75d0b,0.051508573953082
ck_6715139e240007d9,0.004145459696235008
ck_a0255ab46e122d2f,0.0023287769628831797
ck_66e81a4190c33510,0.005829204359912142
ck_5d75ea4f5c9080bc,0.67021912327646
ck_df69858b8a8b3165,0.015633609479022096
ck_e15252ebd7553422,0.003929101271521515
ck_34d6d74bb3ed11e5,0.004976425664603699
ck_c2608f78f6851d10,0.20451112536772936
ck_bb99071e8f58c8a4,0.3759057690428797
ck_06010f0df5b7cef8,0.026256405573533963
ck_8c582eb0f6c0148c,0.00931831257579609
ck_0034d010d28aea78,0.007227039156237715
ck_01c1f06692566ca1,0.02590696181788702
ck_4807726e797fb893,0.026831578859483722
ck_edc9668282e3c8cb,0.03241970329840712
ck_5486768475af7bb5,0.8449419086370181
ck_3fb9813849e51837,0.016508408923895164
ck_861af5a9a9a6d619,0.0099944820123561
ck_da39653add0f1109,0.0012213606559640503
ck_74a4244eb1f162e4,0.00035634038706021577
ck_9a930faade55b8ea,0.0009394684930854758
ck_fb6e06ca88519dcd,0.012918795727524999
ck_9776cd8263a9f415,0.017071093553930616
ck_b3dd1198ac5aea73,0.022865954850064454
ck_b6675a04df1a4276,0.009127336673969439
ck_5c7ad6e731b69333,0.38432867636501167
ck_28dc0fdbaec00580,0.2765031090078408
ck_8e7a32f7e3905f4e,0.02697402533414342
ck_8563fed6674afc77,0.01446199002061118
ck_9a2fcccb82da663e,0.047254300582631116
ck_6a519bdac0d94527,0.0008949092815359622
ck_a0dab7aa9c4a39a9,0.010051108165697112
ck_a3ce05e9e5e32142,0.03506450870745431
ck_7a7e40ee3f97c035,0.026412503462528318
ck_9e9a830785112a73,0.01271298323956262
ck_ab1bb02f6b189304,0.20344343764762896
ck_7b8cb0f90fbdc8c6,0.007402796600436972
ck_b138fc249e659e60,0.008796049307102708
ck_e73caa3771ec5e0f,0.009659663758233421
ck_18a55b06ccccd88b,0.03302646009705297
ck_fdcb1d9265d8fec1,0.07320740231381477
ck_e21a900556b382ad,0.013204448779566013
ck_c6bf67470f526771,0.015587284246770285
ck_b568ba3837afb39a,0.0025903332745969136
ck_a2858979dd5645ef,0.002723863519171501
ck_1da9d40837ebaa57,0.051862952622016074
ck_9341c7959543c542,0.0028166514234425157
ck_c8ad86806b9a2369,0.05277983466502383
ck_5c85d93ecfed4b0e,0.005542161745060718
ck_f07b09879d697b82,0.005123652411487115
ck_fe43da07608b1749,0.014289412357524628
ck_4bca22b5926b9c28,0.0017179425069156235
ck_aba573aa942b1d41,0.0013094226865620659
ck_57c14e32fa4683bf,0.003578530066979496
ck_891530b489ce402b,0.0021587706703907255
ck_5e74fdadb93ff293,0.03980040400786318
ck_14436a409ebcc90f,0.010077738716732863
ck_00013fdfa0bd37dd,0.004472499745442178
ck_7dbe24ba01316775,0.018933093520320042
ck_0e3f80c1553c591b,0.015820134041048713
ck_3edc45db58760d76,0.010548585652338634
ck_29076a13f539187a,0.09343670616697565
ck_b1e81b58b9a545ce,0.043362421445600964
ck_3f8571d4f7420b2a,0.11038835046010037
ck_7dff6abe4bd644dd,0.36392873983661866
ck_2884bab237af16b7,0.006815660368003697
ck_231e6dd1fe708000,0.0034054739718071664
ck_33ecaa7b892e73df,0.0065983182018722894
ck_b109ec4c63503030,0.0045957767294066134
ck_a7f522382509cef1,0.005538041066358932
ck_748b3ea941d8b3b9,0.007510463917944802
ck_29f3a1737a2d9634,0.01972139091420702
ck_cee8d42475a0f020,0.003668308015372087
ck_c6b6ebe145a8ffab,0.0044006961991642935
ck_21c99e1d6b881894,0.0020409772323643667
ck_5ad798286384484e,0.04348069006417465
ck_b621b6ffcc7f4848,0.006915394497217844
ck_ea819e337233475c,0.3751186094537439
ck_9e3896c2668ce06b,0.033799591627415186
ck_501dcf1ead036d2b,0.015593967284212706
ck_8d5eda29a2cffa3c,0.004603721260488068
ck_4d3aa36ff83f1132,0.6711691825782634
ck_8e9faf94e3e6c757,0.0003884585577791823
ck_ce0ec41f96951048,0.01958094908045324
ck_f09165d73ee903b1,0.018179403885936828
ck_a432b1bf1d3b3d5e,0.19513316610156334
ck_ea618f720ff0b4b0,0.004385811995832618
ck_7584e7bd755cb28a,0.01283857384518122
ck_e14681aad43e1a72,0.019591175949321003
ck_5e18870d8e30e379,0.020420553662080537
ck_ff7c26a62bda8089,0.0020424886885690814
ck_cc5a35175d381d5a,0.006939233124814169
ck_3c25029e40aa8a84,0.0015285147402908203
ck_771247b5bc16c12a,0.0021578258421612886
ck_664b5e02759f985a,0.003330050090517093
ck_692a9e8f504b9762,0.003034053249088104
ck_df8ad2deb0a4ffed,0.014670611535009159
ck_eb48c0bcd12ea654,0.01661654885714749
ck_7c77e597c951cdad,0.021532338556233425
ck_4f75144c6f3b13ad,0.03781214572293038
ck_1bcff399166d7c43,0.008494937937869448
ck_975c2aa3d4a8c51a,0.00799551512799903
ck_bc6f07b06aaa4ce3,0.0698622101914847
ck_80b072b7f3c7e8e5,0.00828907106099974
ck_471e4018a23b4e56,0.0015932328427627558
ck_53cddfba570b4a3b,0.03919938903374243
ck_630530e50764f229,0.011236543936623624
ck_dcef7887a4f1e435,0.1273017053361249
ck_2795921a055643f6,0.004519296986100385
ck_7456df89f3792235,0.002271006236764708
ck_5014a3b07e1f049f,0.41922775232200843
ck_d4ec44760cbe03f4,0.01164976353953789
ck_96810ad39d4cb7b0,0.04258877354159994
ck_3222ea25aa29bfa6,0.002625219216328637
ck_f6c42001b84a10cb,0.20218759726889252
ck_5ac86682385c86b8,0.018176202265236387
ck_4280c33af57eb4f4,0.003944901876153052
ck_05f79ddd8eefaa56,0.01103223637918398
ck_3a57a13ce032a6fe,0.003454049274371563
ck_a721f0d635fad68a,0.014567903041361938
ck_a3f821bdf408c326,0.0038875786317272907
ck_0ada63008be5685a,0.048698372366855765
ck_8c949bdc6e8720fa,0.1345561583586126
ck_c0d2c56f9c722e99,0.9801131033281517
ck_5d2b9e6e087b8dfc,0.9981871413596244
ck_5217b55593a332ca,0.08038564185517467
ck_7a7bb9be5a7e48ad,0.010114275804504032
ck_24cd0d779e866287,0.0017741625230805053
ck_7367917891a63771,0.04774692640598884
ck_4b31a8862a857e6e,0.830867932838234
ck_81429c4910ca46cd,0.006030511851174822
ck_b35d803568f82d9a,0.007562951485042927
ck_4b00e75c2d2d0522,0.00307151151856641
ck_77fced07f6dff42b,0.017722841162405807
ck_3c9a06eb07c300e4,0.000981367239038865
ck_b3867f7f494db64c,0.0022834788168525945
ck_0c45e54897ab34e2,0.07536093167941751
ck_507a6a580ab55c76,0.03958210620998298
ck_291bffc7809f896a,0.0010197606054886345
ck_3753cc5b9d02e2fd,0.005331471656248962
ck_4f63d5245b3ac1dd,0.02790787123394599
ck_9dfb2ae78659240a,0.014890099719428953
ck_90f6f5ced708aa75,0.0011424842220154198
ck_8b5b5a6b5539e39b,0.6758713279202561
ck_4719112b55d20161,0.042608610629291194
ck_fec888a7108ca52d,0.988895914152949
ck_4f5d022c99f118b7,0.07744642567349402
ck_e967ff05514b697b,0.053041530944538735
ck_839ce35819bfa4fc,0.001028523523149054
ck_bdee1221b9addff8,0.004318181989809694
ck_9cde4036d0914427,0.01411841869774401
ck_5ac959cbcc5e98f3,0.005504605208686394
ck_619842688294dabc,0.0041533489816796935
ck_7373d7b04c7799bd,0.03821646929163435
ck_c1dd3feb9a0b6471,0.02326980066675845
ck_0324a4812ec319c6,0.007324570386474515
ck_7f3685aa2933b251,0.16221236874861558
ck_06aee5a62a67a84c,0.056914179844149884
ck_3428910b44b9d08f,0.03931465449967875
ck_c3ba7534cefc1de8,0.008077858653523552
ck_1f1273a67cbad5e5,0.7446991911390919
ck_124565a11b2f8bb8,0.007400099608623077
ck_38e46bc861e0165b,0.01837143570047677
ck_c8ad3f01319c065e,0.026238447299258925
ck_3f94a34f5038f7c1,0.583444166750138
ck_cee56be5a502fbd1,0.11674649931874534
ck_2b90b76cf4d162f9,0.01505254609950219
ck_884b2e463ff1d54f,0.0043093818894887745
ck_fab4f2f8531b4827,0.018721266743069617
ck_4fc6256e0e60a926,0.005432661849754336
ck_0a2f8b2f8a5b6f02,0.027160981966111084
ck_9c0deab8a8367c5e,0.0014697832984718576
ck_d3a2a4c011fa2554,0.003133646764154869
ck_4108b4038f762817,0.04975229860564337
ck_4df036e2aa7e1056,0.00610377971855179
ck_ec094eb1cbb3efc5,0.001615365532467547
ck_09f8f51bfd2492c6,0.028316867096758402
ck_b60fb9a10d6f4489,0.13119313331270527
ck_3638bc3388dbc1bc,0.14076310934341688
ck_7a58e0cc9943c39a,0.0030773007915743124
ck_37dab6a0a536ed49,0.10585965505169909
ck_adc576690df5b33b,0.01326928833141214
ck_1383b2b1875000f2,0.006088332851498861
ck_43c1248db37a2eb0,0.004562026494465592
ck_29c11bd68858e923,0.002122733525924403
ck_9401f9e11f65337d,0.025785512522620763
ck_ce5ed372b1a2ed6b,0.02402735244207663
ck_08b4619490e751a8,0.9619007891024598
ck_44b9125526acb05d,0.029072375788514335
ck_ef1a1de20d2124cb,0.09225061567316407
ck_e5e2624b7fc89774,0.060711260971342475
ck_f5100511609b92c0,0.0004384860172456759
ck_64f3bb17101b7c42,0.010742626653371121
ck_ea1e5b5128ecba2c,0.005715478549492058
ck_516163fcf04d5e77,0.017275859518050832
ck_7f9a748110d70005,0.016250107083078957
ck_d263b55f0a681cce,0.01843530441540118
ck_0e962eacf98a813e,0.008907325002123809
ck_0406931800e0e2e6,0.002200929518927533
ck_0e9b982afc88a3a9,0.9985639376597009
ck_8bbb625384edebd7,0.0018622060445238886
ck_5eaeb87bf6207406,0.9389218659177934
ck_cc3318839c4b0745,0.0063179130313377
ck_08a0355d1f1890ef,0.0016115240124981746
ck_af7ffd1a822460d3,0.3493833537627941
ck_2a09c7aa870edb6b,0.0032442235178607296
ck_bc04f51c23290bcc,0.016429146184278997
ck_d3a8333cb389f4c6,0.026790863512240554
ck_88e3dd3039508332,0.01747004525671637
ck_b8c7771de9b57705,0.0099407772369154
ck_585ababa02383b50,0.005496415744328436
ck_e988c108754cee9c,0.00588994300473697
ck_4a691892d9d6cf89,0.0055641249683920715
ck_7cdce37d895eefb8,0.019808289716673852
ck_483fb981a1fb4317,0.00484352092808612
ck_c1e5182bd99e0e35,0.23307131901229963
ck_9a1e3ec9a1839939,0.008316698366648419
ck_5c3f13de0dbd5086,0.034489254662354286
ck_f4f6f0caaab70040,0.003751803711059567
ck_791be3378dd7d64c,0.016584998098472803
ck_956dd784525f5886,0.04360810037712858
ck_098167eaf124c279,0.03986742093583988
ck_33ecff7914349ebc,0.00962631638184025
ck_e05d44e46c7174e6,0.02038841854339265
ck_1b2ce474fa6582b4,0.02437980858231289
ck_ab581082e8f72e3d,0.00734814858392117
ck_e63256667aa19070,0.11683244234682398
ck_f568772b6cb3febe,0.021634152871642845
ck_dd89a282375bbab6,0.06816431057756565
ck_a39d0bca345b492d,0.007964166124601341
ck_d12d2924d0f7a64a,0.004577478743467693
ck_6a548da1728b5823,0.9882393448997493
ck_6d64193681d2a94f,0.019081222997044373
ck_ced6b6dcdc7c201a,0.012227572025118046
ck_d1b0699d26282871,0.02600295921979221
ck_58f757e40a9b8877,0.03460532471672812
ck_3272c2c4a37d5220,0.4112765740232336
ck_d94dfde9e03c9d1a,0.025817790203887792
ck_08a6d4903a7fbaca,0.013836737292045714
ck_6c72a36b05fa0f4c,0.0592451372918019
ck_dbb4bd4eda97255d,0.013250137942839428
ck_94b59bbc824b307a,0.0005591453778517108
ck_0229a07185f15469,0.014926747386342415
ck_11bf1039f8b3025b,0.009438799023983308
ck_36789ca11459131e,0.04633167389518281
ck_8572c5f5c1447c62,0.020350459983946773
ck_9e75c6641939f4fc,0.10964640483600262
ck_b45e47c39d4dc7bf,0.015846094463413878
ck_02903c48b6cfd65d,0.002618550222897056
ck_b153386f1729de81,0.002854966237010593
ck_36979996f33498f7,0.33968369009948146
ck_3c02d4dbbf6716b6,0.011920984718783731
ck_66c9a19963957531,0.06809607272322322
ck_bae8dae7cfd8baba,0.0012338966102571328
ck_bba0ccc6cd968680,0.031031705822106032
ck_3267fe3aac05c71e,0.006260874478403885
ck_40052cac10562cde,0.03394539785471365
ck_d973444855403e2a,0.018321083947213025
ck_012519bb095ad36b,0.9902356729944563
ck_ad7c256ea10c4a00,0.1179671200528379
ck_70a60e095e9b706f,0.0007179436093109427
ck_f2734417c0db4ee3,0.001054673839939616
ck_9cb89cc3178e0172,0.0027083754570698623
ck_779cc0f2de4d5488,0.14136941030956343
ck_35f8656bf93e3b3d,0.007102857120987551
ck_bdd8eba728800e29,0.04375640478501223
ck_002cf760d173f0f8,0.029148206728343066
ck_b046067c6ca3831e,0.0018596553224719833
ck_a4a42d4bff8af645,0.008076352289616437
ck_bce253d2396681a1,0.0079381603950087
ck_00dafc060c8de32a,0.0234208850105693
ck_968a99e097ee78c9,0.0487916767167908
ck_66949171b387bb93,0.02233110570341021
ck_ad305286702b1958,0.0011526586053459034
ck_4732da7e0d2dfc7c,0.0019415937179241883
ck_17a95bba77217d85,0.01864406080664436
ck_3e2516a3e35067e0,0.009910164773503009
ck_0b615ed566da1f58,0.01867744877482204
ck_d2b3ce1ebabe9f93,0.019138091369114603
ck_a892252e4e0c2828,0.004733514191621982
ck_cf606fd6ebfdf9bc,0.0032732432701452086
ck_718865237134ebe8,0.006006188917308073
ck_878522cb775b904c,0.07161148768161125
ck_9ed53de6ef779ae0,0.0019403598452556237
ck_3f16e2cd7e6874cc,0.031143542974760446
ck_3c59df37895ead2d,0.011832294961673295
ck_6821459b626d492c,0.003902859266745968
ck_11c7667920541587,0.009442158730693852
ck_23a016cf6b98d89c,0.02045207107117011
ck_7137eeb394d200f1,0.0508843091557573
ck_9c4886c5c90ddbdc,0.006457739443077224
ck_1422a7bf7756294d,0.9785235417283449
ck_7ebc5fa7f0d3b8f2,0.01627137839804389
ck_fcc2059a8d5c41fa,0.21771971826533446
ck_00ff7389d6a83e29,0.2179613742293302
ck_03129b41457795d2,0.03772607703808321
ck_38ba64efa7c38250,0.034243526530869116
ck_57a6b56b09bff24e,0.008269568988946804
ck_e3b3c5a80a567418,0.0030202261507681497
ck_fc40a16adfced018,0.0025358050549950323
ck_9d4b5e6b43bad4d8,0.004166669154690501
ck_61129937ee466b49,0.020926103223120458
ck_74112e47b8629c2a,0.0631316915542666
ck_b4703ee97f94d7fb,0.0007552480718986339
ck_e560f720a988d8a2,0.49123681360047333
ck_708fea345f68037e,0.0018867008310207004
ck_25394c1b83e0b803,0.017530338315249992
ck_17ab24fe914ae44b,0.0010540215739721942
ck_16c501470d9bb006,0.0024911845511412295
ck_628f449e248c19b7,0.05460157099502073
ck_6d64190623dea714,0.002379157364580148
ck_504a45ee08db72b6,0.014361663345089901
ck_6cbb011e0c70bc7c,0.003933768159459452
ck_b3225a98acd04f83,0.009924440563193148
ck_aa37993f1c17cd1e,0.040885275999800255
ck_558cfe5f77a55a9d,0.004554930197763559
ck_0d0a1a021efea5b6,0.024629222028760833
ck_daf7aea023b7a8f6,0.030046304933546663
ck_d75f25184ece2b51,0.00519593600294347
ck_466d4b5366c50b98,0.0012798619218122008
ck_88f27ab479063852,0.028318804356608152
ck_66779098e78c1760,0.005097722665047072
ck_b150fe4efb449b05,0.002395947135158486
ck_9c3aa9f23d01fa1c,0.0041859216853760055
ck_6a01c375fc26705a,0.0016733796337974518
ck_002eb6552b504ea1,0.020352221963512815
ck_affa5aa0bff9bb0c,0.020799586745244108
ck_027614eeba8b1a4b,0.007906137772207885
ck_67e075c982add719,0.006737173640984962
ck_399b0d510be98bd2,0.008843524664991297
ck_e9b0bca7368555ef,0.0019834800484809473
ck_59c29d9c57b4f994,0.005918698495336391
ck_37176850ed68831e,0.00427823366788606
ck_a0db4ccca08030c3,0.669321557661919
ck_aa188e5c25f7f42a,0.015806873372434867
ck_7de6997178207800,0.0025835674867378568
ck_c729d19053387be9,0.07473238004497582
ck_f2d3e3d90608596d,0.3191895323207385
ck_2db3fb565e0211ee,0.0008785075236668356
ck_bed8a480e27e911e,0.009552551316272065
ck_d7ad9921a4d25926,0.03945464992523323
ck_2a59f23fc5194699,0.10884568761017309
ck_63601a58a6120d8a,0.03160073416388132
ck_efd7b9e22c6317d6,0.013974308999897607
ck_9ab42875a0f95b43,0.05041190963553875
ck_85cb5033fca7c846,0.07691736048954412
ck_5249b223000915ec,0.021573041231373092
ck_3efb0e9bf25612c7,0.007030051801856537
ck_678e74532ac19700,0.01282330695514374
ck_a980b296c95153f9,0.0074250185420444
ck_01ac687ce0d696a7,0.02040372625795795
ck_52e1418cf1aa9871,0.014293069229494295
ck_7d28da4f1dab09ee,0.020424644900847982
ck_010d0c2e6c1657fd,0.03866394542589656
ck_b524f7a2e752b9d0,0.005277197841440363
ck_cc447fcc24a0772b,0.19343832978650263
ck_2cb3c99845e572da,0.004644973475056879
ck_604c710141327a81,0.00338073865901206
ck_8d5fa65717d2e0c6,0.018048524970935967
ck_31199510b40602a1,0.009530591174279453
ck_49e253ea12f4e922,0.02380687109164341
ck_780738e0d71e7e43,0.008776827776095782
ck_2cd21137a07fdd7d,0.00909278265357097
ck_5e021f2a3b66e256,0.03686818414601415
ck_efbc79246e32c66a,0.06375786380167665
ck_9951bd806c13c7fd,0.033493907435513656
ck_7a52674e2806d8f5,0.017446818333005598
ck_1a319e509f1efa1a,0.0017937266825558422
ck_c920901b9a4ba993,0.950498623683754
ck_b71279e807d0b3a7,0.010751453013129141
ck_47e1032f490bb018,0.020333088754469784
ck_192579ecdca7ff83,0.0201564981225552
ck_b1496c474c4a3239,0.001508300463820543
ck_5e68ea2c5e893cf0,0.03605169554103861
ck_f2ecab85d4693b4e,0.006384687400761125
ck_89d7bfc81c3df597,0.005118674525666925
ck_7929284327667791,0.18626373593652465
ck_494ec63c5ce8e150,0.009308839552256493
ck_319b059bb2145586,0.02938072631092544
ck_ccb3767c239018c1,0.005351474450518879
ck_a1c7adfe26e09a8c,0.02511226040045089
ck_0e13c4f73818149b,0.019464028760002562
ck_c285a51ed6214f52,0.0895149228271575
ck_916784595f028226,0.18163258431838825
ck_6cd8e0196365c474,0.010011803292004736
ck_57b657aba4daffde,0.027559066327679724
ck_562c76a3753fc7da,0.6542387803674443
ck_66cfc1ebc9a513c8,0.0035485900514345713
ck_0f38d4aed68d7d24,0.011822608906050911
ck_d8ddf5e99f7859e4,0.01923113162756433
ck_41bc3efa0fca700e,0.02787533856731822
ck_40799e129fcf42c5,0.049437920574162034
ck_786f079389126e44,0.049111935127823414
ck_bb4c6b713eb0b978,0.04526864704490608
ck_4f01f7eac0efaba5,0.015701184704006627
ck_47d29c01b20cf69f,0.008131064206021473
ck_bf15a1f8d67a30d3,0.020391006481657092
ck_bfecad7586f65e4d,0.06775154347393615
ck_fc9f16df35190eb4,0.22408696126625688
ck_c09c914e416edd08,0.03701224109281397
ck_c54c5d8e4433b0f2,0.004869288438322764
ck_1694c28f44480e98,0.01586796793216006
ck_1dcaa3078dbb7571,0.0019252272789055604
ck_af559f990c640e41,0.018925429559407486
ck_9b436162039a77d0,0.03881734657959996
ck_79d62ef181bd0cd8,0.008481498378898875
ck_23caafc2cd34242c,0.008728965952709588
ck_ffe2aa26f597e552,0.017996842436193476
ck_e6ffd0754ac08661,0.0008498213901882779
ck_beaacb4a783db21f,0.002366638441976583
ck_9863bff41d24ce9b,0.009376949074551784
ck_323b9cc5c49f8ea0,0.21238497695409497
ck_ab3de3d3e41c2082,0.020161351838196697
ck_35c93b2924900376,0.006399409637608171
ck_5a9d5f9901e37e31,0.02528142364996832
ck_782b0be796164335,0.00304024674117576
ck_11960b5f1c7a5e2c,0.004551382649829903
ck_9a66cb13a9884cc2,0.01877946585697347
ck_ba666a425930615a,0.0009243409171913814
ck_40140bef4db73741,0.005717398712763395
ck_e05e91cc180063d4,0.13221315388337937
ck_c7f6f45710bc050f,0.007237500409744264
ck_055fb9f2e1c8c934,0.06222362061956722
ck_58bb02d98e2b9cd5,0.036465921210213345
ck_d9f8efa6a7800f76,0.012712100139603581
ck_69691226c68fd50b,0.37225458170686065
ck_6f2f0396e5b1c538,0.9459059001458774
ck_78bc3f1d0f35ea6c,0.012038707969928961
ck_2d5a6b6636a2596b,0.003513318472722806
ck_7878545739af0a73,0.000683195156575185
ck_03c4fa4f3ed3512e,0.0012472961566060844
ck_1a9e51d092d62c84,0.3005215626971945
ck_9f3861940d8d873c,0.09273007775931108
ck_4684fdd61c6a0fac,0.007931876039759953
ck_715966f86d5c913d,0.0023526773863469736
ck_77f293d44b4a3d2e,0.04124174670289383
ck_24dae044dc05f849,0.06030009661176957
ck_00b9818e2064405e,0.12090184890965082
ck_c1c2cb49c3c1b0f5,0.31399294617577145
ck_bed50fc64fbbf8ec,0.0035498736409351056
ck_4f6ed5ea5ab7c429,0.0022914708759975903
ck_458531c22ec2f9b3,0.017767462729688047
ck_51c50c4c443df31a,0.5391945373364023
ck_732d45bd578dc39d,0.00403958642596755
ck_783fe5bc20cd02db,0.0762260027540429
ck_7f188aaa63d1d442,0.021996836757347555
ck_ef307a6aee38d1fe,0.8123276111239939
ck_e37196b20968b73c,0.014653105906091653
ck_4ef9de711c3d93b1,0.014975810533558655
ck_17946516d5df71d7,0.006737185524878351
ck_3534be0f4efd313c,0.025679555725664903
ck_29fbabf855cabdff,0.002076207361374152
ck_191673540d8486af,0.03538202322296387
ck_5f52728d777ff2c5,0.0299158655404326
ck_a045a19369016818,0.99672420096505
ck_4eadbe7298b15e96,0.014541566821985952
ck_a3a0bd59729fe619,0.010512793041159105
ck_a1e77090b1c6ccf4,0.006166329763288723
ck_69ab9d4784eb77bd,0.029105911267162075
ck_baa47383ffd50f04,0.009958575176754116
ck_e35b2ed08b9e55a7,0.009672358756430651
ck_b6e3af0a5119d9a0,0.12812479708687244
ck_a7c1dabf3869772f,0.14815284535891568
ck_80b8fca67a14e0be,0.32874137015537236
ck_dd9c5f0c42878e67,0.0015519682236359708
ck_41ef7967faf5ce82,0.001702134402773541
ck_a93560aa348d6225,0.03114866770979917
ck_ffe91d6f0bd93fc6,0.03753068354346772
ck_fbf630c960194033,0.020111269426072758
ck_497ed60723283c0b,0.022468915590619337
ck_2a46b7ca55239413,0.005072395193275284
ck_1a4e5ace078dd782,0.03856738424447964
ck_616cc31910f5de50,0.004663066020682348
ck_0d65bc749eb42710,0.06518551196585992
ck_2408db62e4395ccd,0.02867302638875086
ck_5d7721930106dce8,0.008502066043274678
ck_e8a6acea22b20312,0.09793069361027314
ck_e2f792fae128b18e,0.14634080927221388
ck_e6d3ce445b86003f,0.0030480556089743545
ck_263334d722ecbc97,0.34718866155502304
ck_8c5b29f6666d4874,0.019690276680373698
ck_7ea0bf310fc20c7b,0.7126334702934752
ck_54d463f7fd89ec3d,0.07896821158618535
ck_79e45040dbdd6447,0.03511361302004613
ck_60b4d59953505682,0.42702500358546436
ck_fb00dd5021642507,0.022818799831247825
ck_f409ff994a210601,0.026313714445728043
ck_2ca0020038bfec58,0.17060215837366968
ck_adf84b9df54c3d80,0.02134355065218154
ck_942dbf632591b65d,0.06904040059775497
ck_454a7e4d859a3409,0.0007942212521430664
ck_2139062d4569aa07,0.0031649612974849143
ck_e949a0f4df0b3902,0.056226254620597535
ck_bb113e3e6716ed65,0.013115779136211073
ck_6a28ea6ce69cb869,0.1160352063709102
ck_7df9910af2bba21b,0.005354768805939323
ck_78aa4b731cbfe251,0.002744366505636107
ck_5839f5cbd8165b1e,0.026448994268661305
ck_7158ad9e58769ffa,0.10975248342954673
ck_acee218cbe61df69,0.038141534270973956
ck_f8dc8473c2772729,0.04638983935265582
ck_f34c93a8173555b1,0.07968114421635855
ck_7cf301d075e4e709,0.004746923682693491
ck_b87e88ee5512ea17,0.0013344436685358042
ck_bed0c020b10afa3b,0.008607563668248483
ck_ca10102961f99eb4,0.0020487949285994842
ck_393287947b5c8d79,0.021713868668159487
ck_2fe6cac002142f67,0.044478445671531405
ck_79c7f0d29b1db1cd,0.11110413082514835
ck_c735b643d3cbf67b,0.002719148578961517
ck_ea4332c8fe48e2a3,0.0094752168585471
ck_d39864119cdd460f,0.008642854634057156
ck_3b963d6be2773861,0.003214750275455271
ck_df39e3b8a9fd0bfd,0.631545945112423
ck_6236a461dc0d11a3,0.002788734610409382
ck_475ebccca25e30d1,0.011626080703287373
ck_c10c8bcf5bcd516e,0.059716554434306936
ck_49ccc3716a564256,0.013691712746684967
ck_4e4f99102f6938cf,0.01136883635869634
ck_a97b481ade6f7972,0.02493952268869677
ck_3fa559c679751b3a,0.014308041501665333
ck_3eba1fd2c7acc4c0,0.34705419396578735
ck_18c179b4afc4fccc,0.02470985312445545
ck_cc1c0b93d05b7d20,0.08050334180563344
ck_742f7c28ddd019e8,0.022682082220608673
ck_04470bc93b8a0d71,0.005668215606020726
ck_6e8f8ef7a03cc6bf,0.014199164379823244
ck_eb1ddfc353b4da83,0.003355262372624882
ck_98831b57c7ca2e4f,0.001972161962817549
ck_a6c7b8d6e8596d4f,0.12274276948331839
ck_cd7d24e3b095e96e,0.08792028041548663
ck_3f5ae4673a9f858e,0.01569892358471442
ck_05f375fc8ae0afb0,0.00731061826718283
ck_1fc98436281ee39e,0.004932936247505102
ck_6c48c58678f64bae,0.001921160169044786
ck_8c95aeec6a4c75b0,0.0045321672934179975
ck_364cde38958b7af3,0.12831256104213587
ck_85bf21aa1a00452f,0.001928469496085936
ck_796d3eaabc667c23,0.9964825653996582
ck_ac449ee0c315edde,0.0023134887885497175
ck_6f9fd15ac6b163de,0.002267387504232429
ck_4087065be2a45ad7,0.2044807945135325
ck_ecf006bbc78ee3eb,0.18746575615725483
ck_8ca808cc5a49cb5c,0.025358088224618092
ck_94b90ab8b2dfb50f,0.025067902959380953
ck_59fd11b3232de9dc,0.90341394709961
ck_67f3794d93e2dd67,0.13900367693870752
ck_b7f5acf5df1bb13e,0.01610073460894128
ck_fb04ecbaebb774bd,0.008291846648000133
ck_68ef3e7301c621b7,0.04152228184136957
ck_41406cfa209b6bda,0.002922037255923115
ck_b0f8f5408662337b,0.0013225117204442231
ck_0d2901bfe585c391,0.03048932270287456
ck_3398551e81dbf3db,0.032330304018973674
ck_61c3e3e277629646,0.00924352306598407
ck_2825e34dd3e7ea2a,0.009401788095086365
ck_20d7571ba830009d,0.007819000458722594
ck_c98b16f9a72a6568,0.001178263174191883
ck_e7c8a9e4641eb9ed,0.001511835145352695
ck_254a7c97c36dab8d,0.008155133809439523
ck_e98429675b46272b,0.008750025598350177
ck_c2fc0ac460786d02,0.06685246199331087
ck_fba15647b3a140d9,0.010655592688578127
ck_15ce50f2704227be,0.013272065376077856
ck_8c748aaa4a4554f9,0.02627686861809758
ck_e00e82a9419ff086,0.07737156805640086
ck_832341c98254bd84,0.02325447636045782
ck_27466468d06db4eb,0.06393525535283996
ck_9d7b9e3ff1f3e71e,0.011150399274565395
ck_42c6973d3a6fe983,0.001743618236664904
ck_877c85bad118bc62,0.10278803829985968
ck_75d2a2715259c4d7,0.07296040951744258
ck_37d3e5c681a2214d,0.40089101095338414
ck_bf285dd49f372de4,0.035527963140003796
ck_a5bdd026fa9c50fd,0.01662075373166027
ck_88d9244a9cf7a77e,0.4527978744622103
ck_5881b174e49b04ee,0.005347372276736546
ck_5b16d67c5ea89930,0.024525638308127946
ck_b75b936aafac56b9,0.014574858741704298
ck_aed2681e1646a0df,0.037706598782348937
ck_f63cb5e8cc702bad,0.006642827846599921
ck_1805fcfc4a9e4ffa,0.8696051224575062
ck_25c355da356c730d,0.02239168844194938
ck_70396398e4a96449,0.0023487937543567273
ck_0f743bd13373748e,0.02377838965289658
ck_4b387765f0e916cd,0.001150213972564547
ck_e971faae8a10a260,0.0017339782562524682
ck_9eb08369e983abfa,0.0003932059912170254
ck_c30c5844512e429f,0.045461230254274995
ck_59e77e3a81f1fa0d,0.04791848604903849
ck_ca4465f2b5c1a52e,0.9813872816367639
ck_c89b9ca398402f1e,0.006807681770235503
ck_36e72ef9273e7a95,0.010900074640250355
ck_2bdd8616870e5e1c,0.0030431254168691363
ck_216e87a41de22b5d,0.0868986644689108
ck_60f4fb44f5efe3a0,0.004639333996400458
ck_05652e8ace6ce6cb,0.0007229178025826284
ck_8c136dc691e65695,0.0004429007501710886
ck_a08f8dfadbdca112,0.004442105283323118
ck_bda4041a3e90d860,0.006841315164342071
ck_15dd3ecaa8ce0245,0.4406846085322325
ck_3e3c64b3b7876ce6,0.025561016611107816
ck_46225858a38b2e57,0.007397092553306593
ck_0cb9f54928f4feee,0.02459255884243853
ck_152671fbf8a9a78e,0.03835310490586593
ck_ee7a515e87d17d4e,0.03134329979696163
ck_f7276091bf513d22,0.0014324940520596932
ck_4f05daf1cf0d5755,0.0015601972425267434
ck_83a69c4a5d55ef19,0.026704902452775393
ck_c50fed2a7c9198c0,0.016275106482236845
ck_70d19d5650ddc8f5,0.008449115871330168
ck_4b4d99e443618904,0.02959622982601758
ck_dca0b6ca93311ca2,0.06610566564559921
ck_b7431d4706461ec6,0.006122947635466106
ck_7b59d22cadef3b05,0.09927717021509264
ck_53428573abcd606f,0.010557563338555447
ck_f538ab6aecf2adfd,0.0002357045730814137
ck_d321249fb065d2fa,0.0726496768309234
ck_72fdfc7e6d8e1436,0.0021450946720450196
ck_b52b99dad89ecdfb,0.00888428963460931
ck_d2d4282f9d256b3e,0.00434512628254442
ck_c8f2a1dd8a6141a4,0.0009726056532081956
ck_8d38747058d0aeea,0.35037265536684614
ck_3ac528caac74f563,0.002329771302087854
ck_8dbaaa00ad829ca9,0.022202299267379724
ck_7c38ec898f0fc21d,0.0091008219460754
ck_8171ef803f5ff604,0.021150176610906412
ck_01a750db6fc1168a,0.04962070926131
ck_ceb017baa26e98c8,0.06608628120753088
ck_e2c66c72cc0b0f78,0.10751597183317826
ck_8d9518f64b222416,0.005652062772035927
ck_804c5a1fa5753617,0.012205054314659475
ck_fca7cc9c42695453,0.00958055310635618
ck_3a632cdf2c19051b,0.010941600971281192
ck_b2b63ea65edf1dde,0.05247742159526717
ck_27b07021500ee841,0.017397931353367528
ck_9724718fe64c6557,0.9542758907697002
ck_2786cbc3e75ec034,0.3399237363010387
ck_d9c2622cb6df380b,0.006294434879313036
ck_ae1da8ee98e402a4,0.00805225599764532
ck_62967b91504149f9,0.00533813549542853
ck_6b255bf68709109a,0.014807434319485712
ck_c55afc68421d85e2,0.008177666472986015
ck_7c7266f6ef2a8466,0.04617302141766208
ck_885cf685a9541190,0.8780408142994541
ck_1a4bb7d3d2ee3227,0.014885084670215678
ck_b4911c42f3bff740,0.0007741583233552264
ck_66f9f78d4c6a3edb,0.062847124435514
ck_49bdba9ee1899dfe,0.027298217364880244
ck_79b235d51718435d,0.010222835024004935
ck_d840db8cfe2ef6f1,0.0006546282625573739
ck_610c7bcc1cd7ecb0,0.0353698708788637
ck_cf49b6544aff6c50,0.3874567377960902
ck_de05f97c3d40dd1b,0.09727453977470323
ck_0302f67d75973dce,0.017119899332690522
ck_54c2604c9ca6256b,0.01505591528794314
ck_a1c88c0568f142d0,0.04437647637933187
ck_5d72ff6cc2963d1a,0.0015676471728669331
ck_0446920a1004c596,0.0012966397196694731
ck_71044c29ef071570,0.005668086679529089
ck_2122e9bb1afffef7,0.009762893274955442
ck_d1e3de178601d3c2,0.0552031169007466
ck_bec8324a3587ef04,0.0026831356464978406
ck_b616b6f45225f319,0.09836701036639248
ck_ce1e695884511479,0.017177505008216656
ck_a662b4bf900781e4,0.002270288431913481
ck_b5a84c5547378c10,0.0012742597916836557
ck_f80af368cfc6cb7e,0.037892602089298594
ck_da3526ab6c5c884a,0.009782976873981315
ck_bd20be9a3392d79b,0.0025818963056699865
ck_b8266dcd90cbfa62,0.009315731019151048
ck_ac84b33304362c06,0.03285751254382652
ck_794d8935a895e33f,0.04126516678962446
ck_8fea7d915259f1be,0.007014912364334131
ck_7a1519ad5ff45312,0.0005350099445076796
ck_9bf3ce30b65f75c7,0.027200050728114218
ck_5f864d72d1eead99,0.036684129001259856
ck_3c48e0cfc2a58041,0.41253041552722686
ck_d902183f80cc81fa,0.10032696644349559
ck_539cb0d117db8cd3,0.19775801674009724
ck_28f530aec8e77130,0.04937657039584239
ck_e7d903c50d353361,0.011357910688321383
ck_d288b77d1e227970,0.04630289122916668
ck_017208fcc01b5d40,0.008188518872303392
ck_7e3923d278a5106e,0.008536950224817777
ck_9700a00ff9e66216,0.02829483882029369
ck_5c36c78b7a4d138c,0.0974998480519976
ck_c457e9c9224b773d,0.023706887056765033
ck_1dfa91405d7e66bc,0.005596643395565945
ck_f1d8a2695a575e56,0.008974245177778383
ck_3b92a46daf8d00d2,0.027473614379896982
ck_aab23b5470469649,0.01977203599731248
ck_ecdd01a391610d99,0.002582305883137324
ck_abd3aa292f8edb4d,0.06794729387445948
ck_7fc9a0776e1339e3,0.0006689747856801544
ck_c0389ebeb0e65cb8,0.000434144848118896
ck_48d0fc4f6a2109fa,0.9988658331234841
ck_571dee4f3336c7ce,0.015185725927507752
ck_4cedf26628c84f26,0.054276745141994986
ck_63356762d24aab81,0.017383388194465457
ck_2c5bc11bb7ae5d2c,0.9661907054611769
ck_6d26a152f900fee8,0.007325606142016016
ck_c972b0e781efed3b,0.006196179039265433
ck_fa0ecbcf9a33d6ce,0.004935661276568553
ck_fa3a766e49dc77ae,0.014954249308601777
ck_7baf1e55db0dc558,0.020695342901391498
ck_e8bc49e6494c1f37,0.0020067610888365455
ck_8ef1d05cc1e53e7e,0.02049232202690127
ck_cef2a485a77e0723,0.001240178115471805
ck_228a583f23abff48,0.010505109297311898
ck_ac32c6e374782b27,0.04891965325170278
ck_b9485218cef413f0,0.016046756757864492
ck_7f15503048915d6f,0.0032143392028964567
ck_b62f5144db15ad34,0.21076207006451952
ck_917d82c552f95a23,0.02741521533780875
ck_fb4797045077bc6d,0.003178554086080184
ck_2cf8a44e041217de,0.0382766102526313
ck_b7dd681eb3d2ee38,0.004136333408569059
ck_e9e8cacd2fa35e79,0.028107513087498946
ck_342a79f91de5d1fa,0.025054662063899138
ck_2c91f62c05685ed7,0.005149365097021741
ck_e30cb64302939f38,0.04550542637263461
ck_d0e95b90ba86da10,0.012113347797213998
ck_1774faf414a5d49d,0.5093645741105581
ck_2401e8ff89e574fd,0.7803495039201053
ck_0cd8802264e0a1ef,0.013193073592566629
ck_da84a0dfe947fd3c,0.010756154324075385
ck_c8affb27ba7fb5db,0.05114456435458182
ck_bc7ece8787ca7200,0.004838997751042337
ck_469a0578d05990c2,0.008558912927735784
ck_eef67f8dea702338,0.03822623953257366
ck_4f490e379e9ded9a,0.004457752139820337
ck_354379de065a8ff8,0.0009670192527123722
ck_5db1cb368bc41ac3,0.008030582624460903
ck_9b1c3742dd6fcb8b,0.024617040336757406
ck_63ce4f44c92d7143,0.02434925486041832
ck_e15e3390f5ed45f3,0.02757254676540841
ck_da645ea91d66aa6f,0.222210583397674
ck_834ca727df855f07,0.05698868006463779
ck_e1d5ad20c737c745,0.06005130937672078
ck_ff8059ae5fa5f1ee,0.00031805269010478027
ck_8bb9e75393954a1f,0.0016043458205904837
ck_4e1757d1347ab387,0.9919541985887846
ck_af3f74b1d75a5d95,0.00631855221970332
ck_6b1ab0742ff04c3e,0.04025627571636999
ck_f56073911c9f1ab7,0.0019478874097549185
ck_51bd5f69b4fe0b92,0.5232535656224077
ck_fc3d95030b81f416,0.00040056303870822374
ck_cf78169633a1600f,0.0029128127617711764
ck_ad7269eaa65c67f9,0.02501713605000565
ck_cc6d33890d47a6cf,0.03283647503784211
ck_bc8f31f4a2ffa1ae,0.0030654369069704254
ck_720776a46e56dfa8,0.017957921290077748
ck_e2d1f212f259539b,0.0057925794920925516
ck_eaf6f7082c3db2bf,0.04051873260363831
ck_773efe58c6278c3c,0.031084298113977525
ck_c4a72c09f2fdacc4,0.007733209987442897
ck_8982888dd6611143,0.003523247936927546
ck_9d5049e195eda029,0.015785887063303295
ck_de58ef6f9fe2b546,0.010255763628893008
ck_c0b50c11e4f5adf7,0.01934715105437086
ck_ddaf228487858bb8,0.037160775275239886
ck_eb2323215ff70362,0.04665957948487162
ck_168c96a1a636ea15,0.011834981413580274
ck_9c46711b14d9eebc,0.0038408444967846377
ck_de8af660806b97b5,0.0009018756923780181
ck_6ab83f45bf16eaa6,0.010072823540952819
ck_bf2228a052815840,0.002832628572051238
ck_3f943f20a9da9bff,0.012054843282376104
ck_3baae40454c00938,0.013392452978256702
ck_bc2e771a1d8d2dee,0.03481216870822263
ck_e55f5ca37f30ce8c,0.011033031084753557
ck_4ad5937bef176d89,0.003984880244984772
ck_126531a9126c17c4,0.002806231162447154
ck_7ec423cb56257516,0.059158351479386445
ck_54748ae0f2daaf10,0.03318148557386238
ck_ff24776280ceeeed,0.0056588199727716695
ck_3c3a1a1365741bba,0.0014233447013105485
ck_615277c8a4e2b18b,0.011270766203303627
ck_a96aaef34173aee6,0.09568396185437743
ck_bea56db7f3e930e8,0.004605780364155163
ck_ca491debd3b32a59,0.021076187781801863
ck_d9ea77f4114a389c,0.011156605140608539
ck_322ffda3332d08a2,0.02172939502223337
ck_c40ffefe4e30b001,0.0399641372896399
ck_3b1d7648d4580bef,0.00968266477813302
ck_23981a3261674131,0.009108300485869652
ck_11667f5b9fac7bc7,0.0007076414918649131
ck_646bb3c7be5f0817,0.018883200874998677
ck_ebd0a45712dcf07a,0.009534195609577537
ck_baf43bf1bd963f9f,0.05155046635372657
ck_e0ca2c819658f6b6,0.9939659477374555
ck_f0d6633d0834fff5,0.04603422886727309
ck_91081be0254878a5,0.007784780922617028
ck_1325000bc7f35b5e,0.0031235166542928888
ck_c624b9063400fa3a,0.17506145719846528
ck_0ad6fa0e23c3bd0a,0.20650030851911477
ck_6ddb55b1f23c6cb1,0.04764448116211767
ck_dce1fb3acd65562f,0.0028690610944044153
ck_a9aa389688ee5aea,0.017799268579944027
ck_5c5284c45d9ad8bf,0.056821584059314444
ck_9ce743dd3e92549c,0.025829124066795876
ck_8342e08cc2f9bcb7,0.0050292563915133445
ck_25e551a0a8d2fcc2,0.02624875848149985
ck_d4fd0e438c97e0c7,0.03929985307215859
ck_ac7fe1c344190c50,0.005363792809200311
ck_ddd65711b5651f89,0.0025720032529604883
ck_ec7406cb5cbc8f10,0.004413676401647827
ck_1c65e8d5be3b9c60,0.3607098819071088
ck_38ee42f15a573e81,0.017924626579085626
ck_0e5385c70c6de025,0.004837740524860565
ck_d3137f0f7629040b,0.00294026455257646
ck_9129c92c12e0c8b4,0.0027711926695239385
ck_c86520a00e50a926,0.05208147354558501
ck_87f82b2b5fee757a,0.04453932802214882
ck_643abfbd7548d0c9,0.026774858432480637
ck_be51f4e5e6b85768,0.13574663177380683
ck_132c16312f37810f,0.003840988697468101
ck_c78c096ca8cb33ac,0.001025009650347946
ck_2ce5afbc014763b8,0.016620776407542146
ck_50ed8f4e7ae6710f,0.013482567835859497
ck_5a4eb535c9a11993,0.019989830135717496
ck_9b665ef46d785324,0.011267575288711253
ck_e066f71f8b296b7a,0.004238124976605963
ck_560bc6017870ab06,0.0014155845778348302
ck_fd78f8a8663646d7,0.00802265916856955
ck_4af5ec61ddbde1a4,0.026590487426575642
ck_c2ed04a9d218410b,0.012199916655944996
ck_2455d43bbdd2bb69,0.010211053995133182
ck_56eed7041add49a1,0.2816081959960615
ck_5f0be7b468a72333,0.00798003645054389
ck_19660cec756632ca,0.006850041911794459
ck_fb90408f4892a21f,0.01072813244723942
ck_833a65b86a5d9bda,0.0015790754873006268
ck_2ac36e1dff211d38,0.023026712592948268
ck_c00e70606904539a,0.0022532741053231803
ck_ba8affe4b9505a95,0.3303012197730822
ck_0c3dd22587b08018,0.009708042890181746
ck_618c4e5cfae99dcd,0.13635238493101917
ck_c9690baddfc4177e,0.0032033279234446165
ck_59fae092fb0c4aa3,0.03182649452667051
ck_e03b7d0fa0b28f4b,0.0028142594374699465
ck_d451d24c780b5884,0.016412761838249
ck_e980d325b8dbb8dd,0.0008512558392222345
ck_cff18e2d8c520272,0.0030781711783354183
ck_a0e46b67e986ab56,0.0243580861710587
ck_3a469039a5b9d963,0.005855281552856086
ck_12cbb211ebd2b437,0.03773308402209027
ck_b8cdd6d6dccc4554,0.0006914917094330622
ck_794ba5921cef50c9,0.04232577379995535
ck_2c7667f64edec2b5,0.007575678071930031
ck_7262b4e0c29c942d,0.006417201255026201
ck_5d818522cbfe2a54,0.04360409499011904
ck_de39c1947fb675ee,0.051335466511005665
ck_c021495606b4735e,0.004732793125680316
ck_1fc03ba33edd9e67,0.04420818025173132
ck_a6fe344bbf67f14b,0.00595239922790622
ck_963762210edc5694,0.02033069246623885
ck_d064428b7e7dc409,0.008473242909915378
ck_59be61b53d971611,0.0076110122809399505
ck_ec8738ec663cd2eb,0.023898195961303204
ck_59d086fab5998646,0.01737707306565085
ck_bd32dd3b2cbb7888,0.988721587680395
ck_ce0166addb93bbad,0.0005394342791339648
ck_7c0fdfbb447cdc04,0.008357739032136074
ck_cb1bd7635968ed8c,0.3030234586929108
ck_66f94903177f20eb,0.008973750992591279
ck_1d7cd5dcbcdafd7b,0.6135993428752801
ck_5e418a7c04437b4a,0.03026387530457199
ck_631ea1ae91ab333e,0.02323219660700162
ck_0a8029e79a5ae7ce,0.011187390871038674
ck_c4cca8278bdad9b9,0.00038604950159041
ck_4dec3df58077a257,0.4105348742260916
ck_609c249edd88c565,0.009892121068577824
ck_02e5f9cbbbf2f078,0.007295493029122162
ck_32e486859130458f,0.5858445695789086
ck_21ed2ea6386c5a07,0.0031920257505536885
ck_1242aa4496576a99,0.0032190276134897106
ck_475ea9aa6d3898b7,0.2196929109967518
ck_fe1b1adae3be70a6,0.6441537451534634
ck_c5414d7a8031d4f5,0.005645049732729214
ck_ca1f6f01868e978f,0.02200879716900761
ck_5eff0208c74ec714,0.012688546786336729
ck_a315c9619a317609,0.014482573863155362
ck_2b87683c90acb852,0.047544361649835366
ck_7cd9f39c50748ed0,0.008149777120525179
ck_16a06d58d71935bc,0.1274669718212371
ck_d116e0e7c19b878e,0.4780536565348481
ck_931510e384b1d0cb,0.014348132873563629
ck_e7651fb87bb24132,0.0018256673275204602
ck_88ef9f85948e1a01,0.004235390244010648
ck_17bf38d51115a8f3,0.0022309807432533474
ck_2659d1d3762a2825,0.017092329265980522
ck_a7285955e2852686,0.012683006051682332
ck_f2c33d5b65b321db,0.021007765269769236
ck_83e5979334345622,0.008374165765141672
ck_629537d8b4d0f395,0.006614107328903638
ck_72022008a92c9386,0.03168467012998767
ck_2973b8274f0bf69b,0.007730378219106633
ck_565e3418d2f4061c,0.0075680551530696695
ck_54bb53b8f8ea32ae,0.996093293470533
ck_af0a6540ea7a36b2,0.01990423111420213
ck_888651bfc2c8cf70,0.015051266598904711
ck_1dedcb48ac381a1c,0.20089880178267885
ck_f73273e220296be8,0.01208953951771625
ck_8424bf65223a5a9e,0.004029202271137883
ck_337b930fd149a696,0.01352180940724132
ck_8a4952de8a123ef8,0.0033838309444073544
ck_884168153c9c0c81,0.0033613925453647047
ck_fdda581aec411010,0.0006389747083111869
ck_2b7cadbc8b180d32,0.9160983917614538
ck_8aa8b9968233a1ab,0.002255081513791008
ck_0af18b3ce015d294,0.0036798457251808895
ck_8dde670a735d1e90,0.23960700972119192
ck_62f46226f244139f,0.02942325812162022
ck_f948e8a8fdd79b4e,0.02113404902574033
ck_fa00aa0f3e859904,0.032234762833971434
ck_fc7935f784a4f249,0.009498072994956863
ck_e7501307c0698e5b,0.021428149591331044
ck_549ed417f2834cee,0.035030428832358566
ck_fb2a35571ec719d4,0.10693983314741123
ck_25822068c86c856f,0.0008454954850342387
ck_8f35d229b62c8f23,0.0122073409053959
ck_bdcf049c1e7d0c95,0.009424629474578271
ck_0aa9db36eb16422a,0.0012215740134904614
ck_42dcf92e9e016922,0.03201705973586822
ck_42341cf31c08c981,0.0191189567140431
ck_0b20bfc515ba42a2,0.008675608780519109
ck_0ec820b670d48098,0.001177332740195607
ck_1f0bafec397da8e4,0.009405777490694763
ck_82f07504ab59ed33,0.12620951397830893
ck_337b24a474010abb,0.998604636289974
ck_703703bda38fdcf8,0.03351765685565627
ck_01e7960c63dca3a4,0.9011863902135231
ck_be5bd81e3715cb8f,0.8722850016782114
ck_197f8058cea1fbea,0.0010177896005360535
ck_eb3fb1106f2f1b21,0.049930948050930526
ck_658b4b54be09a4bc,0.9856078753603663
ck_266ce7ccf41ccc50,0.026130146356339506
ck_110608c3b03d4038,0.28212604042253075
ck_1be8cb95d6d9bbf8,0.0024756094239285578
ck_8e16a64a776afa82,0.33677650434873685
ck_34bd190d37eda534,0.04730003016586265
ck_4f521611ae14ae66,0.0020011483717292003
ck_d839798f9520363e,0.250644958360928
ck_d1bbfd246c0ac9d5,0.03897307409799243
ck_f19030e6e85a6776,0.1069363801738052
ck_cdabe60ab59f9d5a,0.01670271100595839
ck_bb84b2b30293f566,0.6301499919129946
ck_427b91925952cb40,0.04752722446988374
ck_1078b1e155b5b640,0.011266003972142658
ck_95fdc264eac72fa0,0.0015495906994835087
ck_e35eb857c61548b2,0.5464865022719506
ck_69bd0b1abea7e1f0,0.19141110710804604
ck_59de511b20c842ba,0.030360087583537632
ck_168e7ea341a36b80,0.004395597925922418
ck_4937cfa6526ea138,0.01641867442039963
ck_bb1a981306b750ac,0.1099189696219289
ck_f42a43e4c3f34ccd,0.001860238397928612
ck_c7ae1d4b3ab38185,0.0009628852484348768
ck_bd23cf9bba1dd33f,0.06201799287920212
ck_0fd826fad7ec7cd6,0.045948833617928536
ck_f143641bf3dd0414,0.058135466093167526
ck_ad6d48c20a3688a7,0.005869021124189587
ck_7bda5b5b927b2905,0.10685193909366514
ck_a337eb38eefdcc88,0.07769681880369458
ck_403da2a2d800df9f,0.15086309351703125
ck_aa01d5aafde73d0a,0.00331247555973545
ck_494954023f0eb309,0.06722962082112258
ck_1c6820fc38135ad9,0.013950347344224316
ck_0e0bab173622db9b,0.04212065273784402
ck_547090bf35a3b243,0.009236585755979541
ck_d69455220b21dc9b,0.0033369218122273553
ck_90b4ac695b9c6bf7,0.0025011477614190125
ck_8d2afe17c0082e6a,0.02113916618055137
ck_926b81c0ba528eee,0.013732099567162126
ck_ce36b0c287bd198e,0.02305758113350301
ck_8026e017909aaa6c,0.01148916282305369
ck_dfba788f35d4c372,0.008773519531485805
ck_f09f9d0e0886e0c6,0.008652284028735234
ck_4ffe0366df388604,0.009390137640282006
ck_75bb521de55644c7,0.021890798434022644
ck_81a960fddf79ecf1,0.9771839070027182
ck_8f43459991ea511f,0.006549707657453887
ck_f878b68d66fbfd4b,0.0010061846790077559
ck_e84abfc0c747c9dd,0.9049145146332448
ck_3ad3fd3cceb56b66,0.9019912996097801
ck_7cf562578c7f158a,0.00648454428949564
ck_f81a97d350397306,0.018177774817755142
ck_255d87b7fb40caa5,0.032627912818222665
ck_b3905153b9eee924,0.01207551802078101
ck_2c80a592fb4cd6a3,0.0008837646484522066
ck_57deb202d4188a29,0.0048850410638966845
ck_e3cb5f31d8e94448,0.9314133932508254
ck_0db62d5f7f75f80f,0.028525502845196258
ck_ced9163ea85589ea,0.05070023201921387
ck_e16528edc694fb33,0.9554660510660521
ck_78cc5ec4940fec3b,0.00380289462339307
ck_31742076e9a998f8,0.03761284534686651
ck_5ac335f02280271e,0.05765958068417668
ck_7cc2e091806cfa5b,0.07663097102600691
ck_3152c7115257f084,0.015973968263835323
ck_ab1b9d019921bca7,0.01790335680681074
ck_c33a762d98f9b290,0.002358414759128669
ck_b16a7c51b6f7a6b1,0.09757305542355121
ck_97402a153348e68f,0.005778492089661507
ck_95391029a21caa24,0.032486407621648415
ck_c2015a1200971fe9,0.009688513893406029
ck_ed4427962c68918c,0.9119666096976753
ck_c5e4a17d3efb19a4,0.36372435665705516
ck_8aec3d3dd51517c2,0.001734632814500391
ck_f5178a658225d8e4,0.0014099849751763552
ck_8594f165e95316d2,0.0022067540371259976
ck_f0c4aac04076a6dc,0.018467739118762323
ck_ac2f7397801036ef,0.05331781896502825
ck_d1ea4bcc407c7d5e,0.007292899035238398
ck_cce8b6657a538fe0,0.017324408536159137
ck_66d0c6d6b67a8d58,0.005115544483702658
ck_1a6b30320835e57e,0.02176878846589678
ck_8cd274cc85aa35d1,0.02274632923378633
ck_ada46085a78280e4,0.009353841480020537
ck_ce1b06623e4a815e,0.004133538264585807
ck_45e70c8a9686580c,0.056207220821370495
ck_0084d8ab6b1044f3,0.0024354531745554393
ck_a5f7b6fed6df2aba,0.07617230335162092
ck_94940d783e7988e6,0.012758531618947399
ck_00f9ca84d1d8ae7a,0.0006962581246616598
ck_0deb56f3f6452818,0.004197336659034355
ck_a58e900469dfc3f0,0.023008772438924584
ck_028c41b195280980,0.014067782266772574
ck_7661d7ceaeb19f97,0.01470974687852621
ck_6957905a65c47879,0.04250734822958659
ck_f7c6c26ef3c4ae06,0.02557069057840869
ck_8777beb11aabd66d,0.01617103999835399
ck_7db098a17374bbf8,0.9335373967504024
ck_66aeb00e44486cda,0.05825958397607432
ck_838c52cc1d315ec3,0.04331142377164268
ck_1745847cd4e5dc83,0.010964937764993797
ck_201687857ec8b3cc,0.041904690609633595
ck_81818169208a8cda,0.034367879995914126
ck_3303fd3f64632c7c,0.04093757238792408
ck_edf1096809e83ef8,0.0027382413623402327
ck_235ce9603c7dccbf,0.10158160206512713
ck_9df7e153868bca13,0.0059296028298738805
ck_3cfeade2cf270fee,0.01597931147198737
ck_982b0bf2e2b6c4f7,0.0077180830014270015
ck_faeb0da678bb86c0,0.0029203785596428012
ck_e86ad2fe815b6ed9,0.019855273396404274
ck_70d69e5d1bb99e85,0.030428892966200317
ck_7e9a8924eab779e6,0.9582958138644082
ck_019d5891103e7da3,0.009519758041547042
ck_14f0484b3817eda5,0.0046004307368948715
ck_85de63d278f0fbae,0.001554641260519833
ck_ae91b4cff57fb3bf,0.020423317299004415
ck_2a6d43b9f883b78e,0.40736987986731327
ck_7a4e3d553e8ab5b7,0.10519898673652597
ck_fdf89dc69f700f84,0.11416776017681379
ck_f92e04024bf13558,0.0008630916129451607
ck_4a522ca2dc4831a0,0.0002461665963829348
ck_68ba25dc3385fea1,0.03479497453560775
ck_22128a4f0d033422,0.01624069145717269
ck_5b52ee0a13c71590,0.00890697390384884
ck_59472d17debedafc,0.011794212264526649
ck_9dde2c63acda3ba3,0.004089687934753343
ck_7510b1023cd08531,0.011327028918053926
ck_071ddaaf2e4e3671,0.010667733890705104
ck_1355db6f4010232a,0.005077072773325963
ck_0a7adc2f27f98510,0.30585559587949324
ck_68250033717cd59e,0.0038774862151118
ck_7c12de74de30b788,0.6418835308830082
ck_65491367584c730c,0.020662686659212837
ck_e9047964952bee70,0.03723970017501352
ck_5567779d6ba184eb,0.015776028081051795
ck_d6ea026357ec6477,0.011324150280166702
ck_cd7dcc884e283746,0.04277784787916419
ck_0bd77fea8ed75a15,0.04027134775362847
ck_e80883208e8d0453,0.021197301193956273
ck_2ad0ecbacd5acf8e,0.990033158636154
ck_6c1dbee7e8fdd5c8,0.008545240202177047
ck_ee4d9a7449515908,0.002804635164863004
ck_636111f7f030496c,0.00452913606147668
ck_2c629c657f73941f,0.0057201232769112115
ck_c1c9d3842d758420,0.2994395225316718
ck_e4df7faacdfe8c40,0.03864665879457317
ck_94e8142728e44380,0.04147138488604544
ck_765aaf42c5088545,0.010662808112879675
ck_e0f845159b6e6a4a,0.021530892066243295
ck_5bc07deb82edbad7,0.0019037302637907767
ck_713159c5c6a7a4d0,0.9906604048451793
ck_b08afc91d9ca55db,0.019865006779132142
ck_a7bc323ffed2ea97,0.3097635862479639
ck_85ca825f905a34a1,0.023207957518219486
ck_33160c443d4b3f19,0.006848914994525712
ck_832d39c590a3ca75,0.6401202984947517
ck_7d1661a34164406e,0.9914626750443866
ck_c2466fc40fc9d5ed,0.9939378636778284
ck_ed0e776c0926ce67,0.07278401593113405
ck_cdd2ebeec75bfa69,0.2042102418303424
ck_d7877684c7923ec3,0.006277483562010489
ck_7384d4d2406aabf4,0.015493609920092346
ck_b8e5244e650aa81b,0.023826992082538714
ck_25a1ea40b2d59254,0.0009187577067359126
ck_b9e5b318ee4de68d,0.014206584997272228
ck_620d7ae27af83cea,0.008271946839822417
ck_40b4e264d1a12b83,0.8802943424479145
ck_b694c803b62862b3,0.003899393101983173
ck_cbeca201dbade3e5,0.01738695934674177
ck_f9b439c9161c3e52,0.008072636305835164
ck_9880410fcd10a28e,0.001882143685634761
ck_74928f5f91aa12b2,0.05739181752880445
ck_b6673bbe61d2680d,0.03373719517965433
ck_53c8315b5c30acb4,0.0069461121798779285
ck_78f01d78ea79642f,0.015862413749906858
ck_8582490d6e365a63,0.01595231728059656
ck_af25c72d16299258,0.006429064106444519
ck_7905fe8e257b0449,0.10157630767041922
ck_0d16d9349e4a9e08,0.01979112968701541
ck_31b16b8848584e98,0.013781529881829548
ck_67207e3eecc02d76,0.033843160149649484
ck_e6b95ff91116a592,0.006400042512265928
ck_c08f622bcd6de6e7,0.05537970614374532
ck_f9a68da9e0f0bc85,0.004816633303067845
ck_4072b59388976896,0.008247693799783832
ck_8ec86e853ad52828,0.08141605059240242
ck_4fecb87eaffd5cb5,0.0029421909050530697
ck_d6880578428b965e,0.17051491888708473
ck_bfc82b3c1c9f2897,0.7581000086139802
ck_c340644176ca03e7,0.02229351409091692
ck_321e740066fb05c3,0.594713762421856
ck_8929d2eb09872052,0.03426432793985608
ck_205c107cec528414,0.27399509109577586
ck_e76db7d2562f9836,0.031725622571484494
ck_9ede51c8434cff6e,0.022569764458162493
ck_492e4b89c61b7b6c,0.011509899497724194
ck_9385f5a1eeebefcd,0.030363347611067553
ck_ee52c7bf88f952ab,0.015250663232555405
ck_d8116c34302021d7,0.002338767709247302
ck_01645ea51972e99a,0.02019553356475499
ck_7b45ed23304a854b,0.012213998119632323
ck_2096d32f3d497ea1,0.18979922092337462
ck_dfbb2056f1ef7d3b,0.013617250401445874
ck_938ce30c864bc7df,0.0010635465068644765
ck_ff30dda2c881a4bd,0.4915729234307578
ck_f88c79186a082beb,0.022775350249639247
ck_08c7bb0f9851cb76,0.15410529956380686
ck_2675e7a008e584a7,0.07826788695036507
ck_cbaf8a954281d4e3,0.9616729746395226
ck_8b24eadf6c72b30c,0.6135701998124631
ck_ffc8e3c1377d0706,0.002877515130662023
ck_5b59e859bed5b40e,0.018849633250050214
ck_7b61717f172f9317,0.9506414276466779
ck_e5c30947b732f661,0.12344573150384199
ck_bc273f3ce79f7e1a,0.008761677516199797
ck_f69e93388b3028cb,0.41847357740640784
ck_3837ad850996ba60,0.020032115244287906
ck_36d78ff3bc033ee5,0.014719009064154529
ck_5e20953547ba4135,0.20710021508928492
ck_258d661e450ac870,0.004300563635519194
ck_1df66f537496ca59,0.05947854807802722
ck_361f535599110201,0.0073812711170110215
ck_337e98c69f6e7886,0.00560238596738586
ck_d3d5b2717cfc3913,0.03131647752983745
ck_b1dba768dbe7affe,0.020625832163346992
ck_92d782bd9ce0d1e3,0.025896821087801346
ck_26bd0f8898afc8ba,0.002463502639050997
ck_7916e53daab36745,0.018131729355161972
ck_2caf553b31831a50,0.008156351564113921
ck_c6200734c7f9b2f9,0.9646787597822852
ck_cdc55623cb16e6a9,0.013590455930606586
ck_57849e15b61c43b4,0.002731498426884
ck_b7af9b2ee0eebbc6,0.021828546700268753
ck_00aa5fc3b3bc66aa,0.20580477592269883
ck_9929723f65636c7f,0.993595824312315
ck_8f6cce9f69912983,0.00942199607179735
ck_c422ba389ff00781,0.003957775331889222
ck_9ec7f334604a228f,0.03901532057120115
ck_5d01200ba3341462,0.005811252119254688
ck_2bf10be403849c9a,0.014804548570762863
ck_6ca018259f70858f,0.006096826908366254
ck_a54dc042ebb7c766,0.12312248847862012
ck_79da63fc100830b5,0.024118191086927938
ck_67ab6f9e05c85085,0.03658295798378933
ck_fa80da579ea9afc0,0.007516257437806227
ck_4339f86c87289222,0.4027312055063124
ck_a2299b4f530be0d6,0.5037911417102663
ck_19db0bf788697c2b,0.02011991752451588
ck_fa4211c4d826d830,0.0022102934249675524
ck_96100d5e8e051e91,0.0022347356720998244
ck_5c3a671883d58b3f,0.00048466706671432144
ck_2d9524787cfe1ab3,0.2528998892914811
ck_47ab8e51e5b3a2d8,0.009360280508769945
ck_c924f36bc1bbbaa3,0.0029616017912884383
ck_5c58e7f8fd55e26c,0.003701302053705274
ck_a07e7409d6d5aa06,0.02545632364855339
ck_c8413898f5f7cb7d,0.05757367120492166
ck_577c816b41cab002,0.8835744333931145
ck_9f7807ed64cdb728,0.1451828995213321
ck_495d814d6d6d521e,0.0013286786535060692
ck_7aa8bc018c2b003b,0.003010205693078028
ck_7c3a6a82f3c3241d,0.008120357240156693
ck_487f7fbc290e4ae2,0.0067720620990505105
ck_e556c4d36aadbe03,0.0023132729276771655
ck_7e6569a1b2455cb0,0.0019113634777455446
ck_de2924955926d046,0.027263759309009015
ck_73d60b4630e3937a,0.0035891942738181717
ck_805ee564bd35ef15,0.06041891575249412
ck_0d40961e47797027,0.006096296024722392
ck_f06d00a4f9c87d80,0.002700781321134758
ck_5ef50fb07b6737d5,0.012950856004136284
ck_16541fc15683e21c,0.00621877354328841
ck_09fd43f1b7e2eca2,0.004703545206355876
ck_2a2c336a69b8d68d,0.019885353177767264
ck_2685f38930866af0,0.028401332660645717
ck_298278a9da874437,0.005689302028969255
ck_00bd7803f2530c68,0.025052187771676594
ck_c2b4a1d8c0b6c1cd,0.0010296326704959417
ck_2acb54ca20c3af6c,0.05125018034748645
ck_e3d4b6f681c783ab,0.09884864444263236
ck_f90293f1eba5d7b6,0.09517569682610019
ck_e69d27e8965df0be,0.0012001014691205133
ck_b7f5d10b427346ad,0.0050544940590331
ck_1ce20e4223a936b1,0.006156071692228221
ck_6b97d1ab90f6bdeb,0.03195982888303546
ck_e30e17db5473c7b2,0.0013591960600646735
ck_154c8efb19dee665,0.00258542763213067
ck_6f5bb0c930644cae,0.9991455007085298
ck_9e17699baa83d173,0.0026598613081544246
ck_9693b1eb70880205,0.0072218389771397384
ck_1e97899875bb427b,0.009212703432145935
ck_558a82590f65df69,0.0039635623270406544
ck_18df83242ff3cdbb,0.04052562423977868
ck_80ad4396e1084c68,0.04834024956657509
ck_0a993bc947bab61f,0.0299588659395838
ck_5c2d43ff841632f9,0.01472107525008661
ck_6e4b99fb9725d9fa,0.011216364986437922
ck_e0983999ca26c19e,0.09852817266353059
ck_6573c4947cc8607e,0.04712526771423905
ck_d879d645d6e44207,0.006674183495968472
ck_1375ad9f10688e4a,0.0028698975560419583
ck_7501ebbf4e21f160,0.00810916970496562
ck_ca60d61cd4dc3bea,0.0016311934112175019
ck_ab9ea095a5c58b4b,0.009000743899833677
ck_23756522b58df5d8,0.001397495629277993
ck_90bc176c43d85fd5,0.46851843026034595
ck_908b663b2dda94ad,0.05976530573779596
ck_4df2fb8e4b649e27,0.003790543559440861
ck_5615c6bbdef05291,0.15640900897692148
ck_b62f3e3185251f71,0.0007458967391037594
ck_38d1a22850178f33,0.0012463931745099886
ck_5b3ba20c8bb1383b,0.011682139325019388
ck_5576ffc6aaf6f22c,0.0008675771920694836
ck_cf7a022178165e56,0.006065946813391476
ck_f2c7a4c50e2ede96,0.025069686496875875
ck_285719c77eadf915,0.0011817852436635632
ck_f2aa1b677619ab19,0.009426420528992452
ck_3830c58d841e9e69,0.40354177353903786
ck_32eba3510c8eac5e,0.008070467009377408
ck_8955d7b9030d5eb5,0.0024086100150875088
ck_6775e387dace7525,0.07588086923547867
ck_0a0cd7f4be606a93,0.09002826486218703
ck_a9f700eee5d638df,0.0015471858015669133
ck_3d7db96995745472,0.036572432364997916
ck_aeed557007d52e9c,0.0002218030526677738
ck_79b6a86830156b5a,0.016546937046728927
ck_6a1ff9d69466181c,0.9984654515558469
ck_f11b1565f986f5e3,0.026894350546341303
ck_4819327a78615485,0.0014463828124284827
ck_3ed9e081959b2f5c,0.019070720395957804
ck_16af4be191c47d3d,0.0003897883334405477
ck_25122cc0e8b1a662,0.09735755441923105
ck_509c22828d467ba3,0.05070256503003281
ck_31109c899336348d,0.006370454809824379
ck_c51131e53baa59c7,0.0014636095859608604
ck_cf8ecabbc61d3e11,0.0069481730074489835
ck_eb6baff0f85ba936,0.03340789955605239
ck_777669e2243204f2,0.9207236118344458
ck_ac0ea27e692acdc9,0.025431058057448483
ck_4c6ea04ce8ca9e2c,0.0038587203198714084
ck_ca54b32fca7e94cd,0.005740563954314221
ck_4dfd8947f540eb24,0.005831207351420216
ck_95aff1fe27fb24bb,0.012654263324422883
ck_c7550723b90e5615,0.005025423872215952
ck_57b3fee69bdf85e8,0.004557946903728269
ck_f823407ace7ff064,0.05929561131291755
ck_a69084a068bcc8aa,0.06468909394516432
ck_c7b17f7b24bef5d7,0.020376069535330825
ck_7c4e588f927c27c8,0.011973909444871242
ck_77fdac602d0c6f95,0.10568383995162668
ck_e963d8525018d072,0.010750355044297812
ck_6e8ebaea8f7bffaf,0.0007878602358959955
ck_aa42976a31cb7770,0.010094821648757872
ck_22c862a496008c96,0.9983423648836348
ck_527550dd15f38782,0.008516896880716426
ck_b3ab3c210e2c7c19,0.014201327327463077
ck_ed9c56fdb9f45ddc,0.20514944331844845
ck_b53281da70defcfa,0.015283211954095665
ck_03009b721568ee98,0.0989940767925561
ck_3d9afd862b3f4053,0.34585151913524687
ck_ad3c4be96599554a,0.006728721154531196
ck_d1c787c27d50af49,0.029535033186343398
ck_c7a9c7b2eef46a99,0.018920579702739925
ck_53036d3c6c74446c,0.31237075182301227
ck_1b1efbd9c0964c8d,0.012105715826854359
ck_d66f42a269d5c1ed,0.04978593718836508
ck_fefc49a2b8ad993e,0.026845947041406432
ck_8b3b874249adece9,0.04088785938736269
ck_193d9c87ad3f1dad,0.0009418127340563237
ck_0c6a50d747593b7b,0.01219936137875156
ck_c830f3830875b47a,0.032998861631155785
ck_79e202f06d8dfe42,0.023936330921697346
ck_5c0fe988b8aa7fcb,0.17045781099816307
ck_a8382d8345f21e1e,0.0028999142193948417
ck_8cb20053914692d0,0.0356821266475173
ck_1da2f69023ca4c13,0.00526082810881213
ck_38abb60995114f8f,0.04069187530677654
ck_f5791fd8fd8fd191,0.030456594331811238
ck_a4e6fc391b674335,0.2940020263797448
ck_bd771efb4a7e15d0,0.007051276765964695
ck_38ba4a6b6a292054,0.02744461395209095
ck_f7a07283345a0dce,0.0032720761336203635
ck_87dc484baaf5a23a,0.001859701365717601
ck_c84ef83489badbfd,0.0381916428538247
ck_a397cd64ec5d644b,0.0036837218793154846
ck_7977135c2ff61e92,0.005376955770830753
ck_52174855b243a8b0,0.09320432839269267
ck_0f35e930d0614613,0.9912431921180517
ck_b170a7db522a0d6f,0.01125362793787678
ck_7af748a23775bd54,0.15580129660037917
ck_52f641c9ee6fda70,0.0016321623921273076
ck_c3719a30414bbb4d,0.013001506701326826
ck_2baf214ad6bc0dbf,0.04970375464854903
ck_8b39d8aacfdd72b4,0.006919268203000466
ck_d39b0152116203be,0.02023371942918562
ck_ed33f8a937f9c7c8,0.013132708714806537
ck_8ef97b55a5fd6ec9,0.0007098760096849724
ck_8247f008a14bd1a2,0.0014174724681702078
ck_f0d349d68249d5db,0.001195974871926085
ck_a544e766540861fc,0.012263243415267912
ck_9dfaca4c7c80b10d,0.09792976882980804
ck_7e5401c362b2216a,0.0031818623970401943
ck_64ff60c073fdb6db,0.015375649661198242
ck_fc5ea49518e5d637,0.0076632584633369825
ck_580f136ced341298,0.004227469056363954
ck_9cbef9bc95449dca,0.0031196773928456392
ck_e475a3b8ba870a7e,0.00866659893076862
ck_97e94708bcf43563,0.009107133202657517
ck_13f03ec785cbdae1,0.00046266554444512366
ck_152820d8817f478c,0.009324520525522276
ck_d20d4ba60eec9945,0.007002189579204144
ck_5c45968a805132e0,0.016976771945936477
ck_bebea2cf3063fb24,0.020381152156636467
ck_c3c69aefe7ea1d2f,0.04915994212067602
ck_02028b72f26fe855,0.014206824331139631
ck_dfadff70a58a9133,0.0018162177942745432
ck_6482ed4491bedcaf,0.00423233680903104
ck_754cd7b4a5ae3f94,0.026324184771015502
ck_3132857aec8485bc,0.000612787663246445
ck_7ce4ca91b8f9f1c1,0.016052994376326273
ck_41938582f4351772,0.004318100379378965
ck_f87d66946252476c,0.18819563174401238
ck_8053f1879a9b4e43,0.002261273660392711
ck_93892e91387f5103,0.04463178544939826
ck_15254db133b28371,0.0075232975734548495
ck_d557b9feb241b3ec,0.0015879619031229576
ck_71c3a8e4c12c989f,0.00929329290541099
ck_80e3041811033443,0.035695132919839466
ck_3380d60067b4634b,0.0015488064857697643
ck_a9c2cdc758df8510,0.03164273188402493
ck_3c0031d7514da17b,0.0202178878942237
ck_18d214b1418be39d,0.004808088772815853
ck_7ce768407fd48321,0.026061007993965293
ck_7a50abd42298133b,0.006128330316145688
ck_2db10f987d137582,0.017663661689282455
ck_e077d004cd1d80ae,0.013943330396458217
ck_1cb6dc67f9a321b5,0.12996922179012912
ck_b864f64101149c35,0.24093622184550395
ck_9bedf54df9418e4a,0.006943656428853407
ck_c47e32c47f0e6578,0.1466198007858343
ck_71f382d5e338daa3,0.0019598922846546757
ck_14b4bf7be6ac2b61,0.09601976528782274
ck_5c87eea1cc07cc92,0.034485863885718664
ck_5f445182829ef342,0.0387533328217832
ck_a5d7311291caaa54,0.005276330812950606
ck_b7df99aecef385e6,0.09431449755987863
ck_3327a0582407068b,0.01811366677453059
ck_08dba09fd7dab896,0.021176203722072143
ck_f4ec334be5266378,0.002574091625467908
ck_240f7f894c5a86e7,0.0023155809669089373
ck_a9d994554fc14a02,0.0007254939661558977
ck_13648cbd306eee6d,0.010404635298550477
ck_601edf9105b3c321,0.9918218404937027
ck_9527adac182abe57,0.4699117943106434
ck_4e0e80f5cc271bf7,0.0018679934770867133
ck_96a89e720176b389,0.03425908648974717
ck_63560eec94b76d2f,0.018074395252611678
ck_c9c99e5b19aeced8,0.004009902752981496
ck_bc32655ee5ed643e,0.02016747699886268
ck_edccb5a93b741744,0.012051610300873717
ck_f786cbc987b70930,0.000728624643706345
ck_0e8f26536ccc8947,0.01863086486023346
ck_b87ef4b98cfcec4c,0.026789124648121117
ck_1a9235812de4b2c1,0.01117697756281411
ck_d1ed88ea4211ba4d,0.0015625600986499616
ck_a4ddac49657a4450,0.008215962014475565
ck_d9ffca35188e49d8,0.012405918374875395
ck_3db73bbe03c3d240,0.0009522902671102306
ck_fffa0622344a36ab,0.0016288444351929801
ck_148c28df51bba5e9,0.9660218814885658
ck_076cbc25c8f15fc3,0.949550559808815
ck_e5ca550b39ed45bf,0.35749311519572935
ck_8dacf3a2061ca17d,0.061142677120242295
ck_2d7394afd61643d0,0.0035516553086827633
ck_e42206e91f6a1752,0.0025803673803906518
ck_2f4f94827984c426,0.0013307859598131674
ck_edfe8e90e8f4366e,0.008432167336360999
ck_646b15f753e5e9c6,0.03148349369751057
ck_66600620149c8799,0.001542023408039478
ck_4ff6fc70bccfba96,0.5243637291282905
ck_41af3729590c2484,0.009251039929657642
ck_920a48ba8c583e96,0.00868864400458747
ck_0253b3e7be021306,0.0023386254048513217
ck_2ae6949246ea2648,0.014573447170466101
ck_db23a5100f338d72,0.04506305526376047
ck_fcb2a559474c3493,0.05830645339509562
ck_0a4d7acd2a53cbbd,0.019086603456342995
ck_c5d62b2b7a6f3bac,0.9819485084581551
ck_cf59f4fc0ea690b2,0.00789075438915719
ck_837be8126bb19250,0.0018401791788120272
ck_58955542edee1adc,0.004268309169891999
ck_1b93381d8eea58d1,0.004066624239103143
ck_97b8e05d62abdc14,0.022957640594289813
ck_71a0d645744302a3,0.01816590306580524
ck_a7b57882ab66b111,0.0007799767750370893
ck_65f76421be648549,0.037907636629433514
ck_b53ea8713d32ca7c,0.010311659784971438
ck_991c4c924a1d85ff,0.7506733029800391
ck_8432ccec1a4ec7fd,0.9967449445477751
ck_64c1633297f43788,0.002703247104072051
ck_4291fd9c1161d8e1,0.03682722006636582
ck_5e98ed6391d9f429,0.017920684855811
ck_c7baebe4549fdbb4,0.04633604180454794
ck_6e67225ba59fa5ae,0.05297316089184017
ck_719602def4d35fe0,0.02500529286186815
ck_bdee7c86f5ebe81f,0.00996649042994099
ck_8de38f8c7f91961f,0.028450355810856878
ck_b0b5bf9254700402,0.004925688639281896
ck_7b55d9bb1a250d4f,0.056221461764443655
ck_3954b7b0fd1d6614,0.0017633578362595517
ck_f29471fe7c818d6a,0.0057155790634436324
ck_9e65a8a2f587691a,0.007840980912042748
ck_eaec5f1a83b66eb0,0.2643666011658866
ck_004fe0daecbe2c1a,0.003967212205792631
ck_d17653a4a2d4a79e,0.024620501982807613
ck_0dd417fcbf19e424,0.007480475398068133
ck_4c99a6eadea143e2,0.32576116197003446
ck_74d602c907ee9119,0.0015019631248234452
ck_1aa87cb62acc0ac6,0.006482345268934756
ck_094974d75e29fb2f,0.0655320800886736
ck_5ef935ac3d4d3332,0.014781628933736024
ck_b26e4ae47c9107ed,0.092385363749603
ck_396cea6f95186ad2,0.026113268381109604
ck_48446a9e8184c7d4,0.0015565933742390538
ck_31e1ede23247d56b,0.04699083520260275
ck_7afefa349b960a3e,0.018111921374066354
ck_f5e02a3432571b20,0.0624817814210717
ck_64eefec062592c43,0.004424676996026257
ck_a1201284122c141f,0.016990112488645917
ck_1b34c420a4c85a95,0.009062453939216217
ck_d637a011332ba67a,0.01321250001075801
ck_99c0004d8b7079f8,0.004876910225070784
ck_948517bad569b40f,0.06148421364247958
ck_a28d6b1601b472a6,0.020742359120872248
ck_a0b4209feb31f5c0,0.9982212502970894
ck_d6d2c1f6dfc455b6,0.361905466039359
ck_3f9e6d356d3dd3cf,0.003261631591021134
ck_d08e00c842b75176,0.021082844529058526
ck_bfdd232a7c5f2660,0.02060496546402845
ck_2cdad03ed069438c,0.034375082079767486
ck_42317c3eabd0a285,0.24815553470637303
ck_3eb73e56751c704d,0.023153270384165335
ck_ef33c04f4c9e3758,0.031039394453791256
ck_1dc23dc870f1773d,0.007997561418464066
ck_76091f357974a152,0.005620572714411575
ck_4d9eb75e8eee90fd,0.037708419829970856
ck_578f67e69e5d2cfd,0.0026003560722953852
ck_3a8ce1cc724229b8,0.0026108307539967246
ck_a96887f841e80fc1,0.03698290699398822
ck_d2d4a8f4a9f2c33f,0.0031117316209516087
ck_11f85bc705dbe036,0.018991247014315513
ck_7429b3f87528e335,0.010693930795143483
ck_26df74feac7ec51d,0.025575144305802978
ck_c78b2638fadd91ab,0.011794773882368048
ck_7eaad325abe3b50c,0.0018966613279883173
ck_fd44e34af620e606,0.03081961032587237
ck_f99738dff854e25f,0.0012771004640840398
ck_1ffbce3a239bb264,0.003684092129044169
ck_96c7d52ba0a766ef,0.03314806413718248
ck_cb1c00c300af3f9e,0.025769286784855048
ck_ec3d12848ced99f2,0.008861001399933713
ck_26cfd7c3c6c7bf69,0.03212038302198555
ck_7ae86b5a885affc3,0.04968014382102022
ck_3edaa94d28cd48ea,0.0026752991100205906
ck_3209c530c9812e39,0.011565577829806328
ck_ea62ebfc1f04b49a,0.010967932887189405
ck_5fc90b4668ea81bf,0.03732271275015052
ck_95654593cdebd141,0.0017443203421186994
ck_958c0bd61820147f,0.026720402463011043
ck_8440ef1386c07194,0.0015690181735003622
ck_8cd1b68dd74b1375,0.23237443823788503
ck_c9eb4df91ff07f2c,0.07037250830051026
ck_c29489366c01fe65,0.8709568712983906
ck_c965fd6bec0f0ecd,0.022881517386909526
ck_84c402b23766e1f2,0.013138003054718949
ck_181f3dae03b87136,0.03245882397427465
ck_022a8ae79eb28cf6,0.9811587891943218
ck_469c17407d17b706,0.014112025368894079
ck_1fcc5843f39148a9,0.003327212991256943
ck_5debd55f361b2ddf,0.003419233630074671
ck_28cb9b03e89263f1,0.0018365546927755327
ck_f067470743d3c7a2,0.03771283039670126
ck_d5d225ce41a1a762,0.028561605523022338
ck_15b4840922195ffd,0.02729523475497186
ck_6bcfa37c717f19f1,0.04474219822575989
ck_8d501a0386c66be8,0.5096285407759528
ck_1a9d6190c57ea7e2,0.35500357677060773
ck_c49832eabdac5bb7,0.008169143959277734
ck_b4331140b2e0d4aa,0.0028140567358203965
ck_5efbea1befdefe1b,0.2114918362128929
ck_72ff52c4824072ce,0.020612556834844007
ck_ec3715add8bbb6e9,0.0008356454891474383
ck_9822f8ed05335741,0.02254026909380355
ck_c3d7d3d12a1981a3,0.007311226871680494
ck_a115a7919ac5875a,0.05525173595948832
ck_4dd4ed23e0b927b7,0.1501308437307168
ck_4c76efcc1ee6762d,0.015873332295501696
ck_3ad6e7bf452c9b21,0.024348494507565883
ck_dcbab304b55a42c7,0.013277610489758814
ck_24b53090faf722cf,0.0033907485891960807
ck_187317383400491d,0.003923471594403293
ck_e07fd57565c94c28,0.11905533687272715
ck_740e760fdcd27835,0.0012913840680472603
ck_d3796aebda1cfed5,0.8290925246509464
ck_e541967c681cb929,0.028240869524422563
ck_431118050b834dcb,0.0021071768477285207
ck_90f3655f0c8a0074,0.0019386615400696445
ck_13cd943777651aac,0.022489991101691843
ck_66accecabf3901c0,0.03877072677166139
ck_937f0da2306b2eb9,0.004307435992577792
ck_105b0c93573fd5b7,0.04274046825241004
ck_00480407160e0743,0.004056418315202313
ck_e032068be7b77d15,0.04330938037339171
ck_991b7dfd69098320,0.002707116216124509
ck_37d47cf0f34574a2,0.0022763298188517474
ck_011551a596544f5d,0.00655305210843044
ck_9acd98f4fe2d474e,0.5060633521396498
ck_7c88d3d377bb61bb,0.05033276598020303
ck_e2374c7136c964fd,0.05456922456337144
ck_2fa8f2577116e9ca,0.05970713635942785
ck_d07c5b0321c685ea,0.1434039289275125
ck_bc736114a31088a7,0.02504660148223832
ck_32bb42f9bff197f8,0.036396408383119826
ck_66267bbad1f1415f,0.9984986138152016
ck_19988702ccd79201,0.003266775787021689
ck_f473a03fbcdbc4b0,0.0078047544093368055
ck_e3f1d85fa5d49396,0.01903002845381737
ck_c4402ea6291df271,0.009437499168266058
ck_243bd5ca8c4ae5d0,0.005468230591226289
ck_f271e855925e8d6b,0.4525719898358064
ck_e424148c6f2223df,0.004357720117498689
ck_e4d0a9e1102a58b5,0.005646744000386712
ck_91c2a5fe69b9b1d1,0.03011384552663393
ck_5fd8924732fe403e,0.11079482778357179
ck_9a881d5433126ada,0.009908452208077602
ck_73cab88b29c7845d,0.015124684838580076
ck_5b5dea6476d4e182,0.015387680892605636
ck_ccccb17d2ca6ce94,0.048011119869171386
ck_cd1dc68e441222b1,0.9799974066003312
ck_8312c49b1431a406,0.002838401054875959
ck_25fea39897f2a559,0.006870564595364209
ck_f56200205280bddf,0.10439393673597472
ck_7336611650dcc088,0.004499536176749704
ck_590716322ff147ae,0.052297932156423255
ck_c82364d87875a1a1,0.013652633889304865
ck_fa4b60387d744fc5,0.005747068450587573
ck_d841eba8906e9a15,0.007342288689949486
ck_d6df562a79b9d0d9,0.020110500044795348
ck_59a14d2564193101,0.009465204767854988
ck_8530158e3d7f59e7,0.01037631987562628
ck_ac68d707006c12a8,0.039311032621783294
ck_976fac1bb3dd8c58,0.019137041221645477
ck_f854fba8f4adae3d,0.02683196826811167
ck_b98e9c3ec6e7d1e7,0.0024782220060335066
ck_803c0b4cf9d4bc1d,0.031520054317205656
ck_76997a33c3ea5107,0.0008870075330859741
ck_f1a9d832b700bda1,0.905545843885457
ck_2bd96ddb8c323d63,0.9748344148848748
ck_9e5b7acf51b1b743,0.06427666873615549
ck_09169f22194fd6aa,0.03775430957914249
ck_6d69e092f9b0848b,0.013828706133487276
ck_9f83fa5a2d3b9049,0.013390726548440606
ck_57bbb19eecb4b87c,0.00211941010196424
ck_e0e9cfabb979f428,0.004932665663783324
ck_b1ff9edc51d42f97,0.0017436773771296208
ck_4682fad271d47eb0,0.9592157880156292
ck_ab33fb754c818ae3,0.038831937811215085
ck_b456f62b80e21557,0.00042623666264135246
ck_16340be3f2a7fffd,0.0011100221345413204
ck_ce66831f6611014c,0.025146741724865265
ck_4610a073bb54d1b1,0.02475540526538948
ck_fd038a7d33a9d6e5,0.0020013488809799422
ck_c8198cb4c461304f,0.07086026333334902
ck_1e7de58822000dea,0.001948088704772985
ck_b2a79dd3df560f14,0.07876234029487386
ck_74a06f347b32347f,0.029554360302012264
ck_c6fdb2972417c9bd,0.01594811256745045
ck_d7607a213b800bfb,0.03773914287761559
ck_df65967b8b40319c,0.0008963267750719968
ck_329a73dbd585ee09,0.002393908692728249
ck_74991a9e85c3b07d,0.016251709959775578
ck_bb76609b79e0bc9f,0.01342183520181531
ck_f7fc1bd0b9ab1fa4,0.0161499794711389
ck_d111c98b36bdb791,0.0028147883661684154
ck_f07e27d125497b66,0.02769014152951572
ck_093e3a7134e11d6b,0.009558368802517661
ck_862c7953bdea48b0,0.010675093348390539
ck_392cf2cdd515c34d,0.0058262871205027955
ck_80eb91b0b4001084,0.052001691510818085
ck_5923f53b77193a58,0.2895301017263142
ck_8049f5fce32be185,0.8908332196992717
ck_ebc5a2c6cf88e252,0.049844929971684764
ck_9ea5872f14cce338,0.016819326996806345
ck_f7fbc95ebf584379,0.006724888525326532
ck_bafe82c870356706,0.9716313832847083
ck_278b36c5932d9bff,0.009366805781641934
ck_6a892dd5d05c1649,0.012035027198919088
ck_0734fd90b2cabd43,0.020761535652544
ck_9b552204498b6762,0.013678756930465942
ck_f6c909c205767956,0.016726844954374095
ck_32f590e87bc3d715,0.0001879789244767055
ck_66a8325f28be7562,0.0014339767649672538
ck_b129261da9c3c3c9,0.0024975677562189156
ck_a524071c51ddde20,0.017232178530789996
ck_ba576d6d4cb6130b,0.08715442691994467
ck_8d8226520722af78,0.1051012419982233
ck_c5b0f0d4f1655a20,0.028193641525267644
ck_61814ae9b6d8eab1,0.013997025251509134
ck_382ebf136f7fa337,0.18435345318556481
ck_423ff4ede6a9f066,0.009581625638403873
ck_546ad962d04b7de4,0.8661184873179604
ck_9473ea4a01c95f9a,0.042276808546390245
ck_9eb1da8cd35a50ce,0.006838067462578171
ck_de5eaa2cdbcb67ff,0.09521174987854286
ck_537cc97d0398c922,0.06905186367226314
ck_998475a2e4dfad4e,0.008654071668362951
ck_e62eb708d2688fae,0.01154364991047985
ck_ea623358f704daa7,0.10945817570451485
ck_b911a09f328dfd4b,0.0022278828647600934
ck_4b3506b624e5193c,0.023676198066119904
ck_448456f96788713b,0.04117531579156183
ck_5d5ef9e75f65d076,0.010651144384663845
ck_3b74512f774a6e5a,0.008129359610838063
ck_a032e8ac1507c6df,0.6058312838699984
ck_7e2d6b22a0ae20c2,0.0654817333476711
ck_d80283209c963f11,0.007825746952669422
ck_d1157eade2ac3975,0.04978655838446571
ck_be48f583f79427f7,0.025245609859909122
ck_0027b5d4107d65d8,0.05453200023200273
ck_94fff69584dd3b2a,0.01724127175653631
ck_75fcda73f0b43557,0.01176678584084501
ck_a1c78972e4ee4082,0.009466186406705846
ck_f0982bbdbd122f91,0.005135553551557514
ck_3199b471575aeb3a,0.004958615686314297
ck_7fa947a0b1c1cf74,0.18512680910681698
ck_a60c618b7f0e4252,0.03210595475459188
ck_722ac47c8ac9b6c3,0.05476601829716441
ck_d44dc3839a195c8a,0.3143001720869282
ck_a2c3e82fab520483,0.023522381547080157
ck_6f8ae0319c07cafe,0.002076896434784881
ck_49886ff1e2c759d6,0.04076157102316089
ck_150a1108f936e6b0,0.0034433279349172403
ck_e21f9f96f597695b,0.009707124414207392
ck_7297bff2b7fdcbc8,0.001125625882165034
ck_ee949c71f4f702eb,0.9883414103202056
ck_6fc37dea4b4f35c6,0.12532111936522683
ck_e76257caa98dc25d,0.8920539719978497
ck_828eef2334e17b3a,0.009466798394042377
ck_604e1b8a8c693aa7,0.02363560132599054
ck_7743c9fe037d1f9e,0.018513535434675925
ck_864a11202e19e812,0.13490871877141203
ck_4ec040b9e3785e4a,0.006383433037002353
ck_7346e4f820d9c00a,0.9447126932451092
ck_48d4d63beb26b623,0.005847411966502803
ck_c423aa6de3ed1e01,0.004266775286583362
ck_d74b2ead8aaa3f73,0.01583153900880752
ck_1dd69a11daa7bf1a,0.05228006996606121
ck_d9143e236eef177f,0.017700923093917683
ck_f790d91e5ff0eccd,0.2232192313155826
ck_69b5620e00ef5dec,0.0008937822371581788
ck_cd32e58e8a1c0e85,0.01651654554719885
ck_064013b0957d87a5,0.9918631205888804
ck_a481385c2e60dc4a,0.002213749300823199
ck_d72035cb29db3aa4,0.02012892823558572
ck_3759939a0205306d,0.04269512925178758
ck_f437a53fc832ec95,0.7268332370514553
ck_260ef2f3e6434819,0.05553550170330498
ck_35e411b05d22f663,0.03339509513086173
ck_8bf46e472f3e20de,0.1549354875753162
ck_d546994fc5d3e9d1,0.00851018668640671
ck_6ff0fc7487e737e7,0.16092664391791422
ck_5c67f27816ae0b6f,0.018783070479565952
ck_c5517923458106ae,0.004732236511653098
ck_d9735647a6b0b0a7,0.29728118114886914
ck_541a734fc457246f,0.1332420387764726
ck_2f6a639468f41043,0.004049326342885192
ck_bea2cf7a6b7bb900,0.0019840099014969107
ck_7eebd0e6ad6c070e,0.011591851441866865
ck_b64c87d5e3b10e6a,0.969509364194176
ck_9dd7daacb7833233,0.06861638782985244
ck_396e9ea9a6c6d7d9,0.016732380106505674
ck_1645e6cc53fa99ff,0.02674439112172006
ck_ea2a83ccb8d57490,0.002755565973655089
ck_e64f0df63e1be595,0.03148516713948509
ck_fa0b234481cb57d3,0.04669072537584162
ck_63379e3c9fe6f711,0.06684151908769033
ck_c67f7944896a0310,0.03746961802006544
ck_c10e54c9db29e6ef,0.9931692429966497
ck_7184ad7709ae4c80,0.02202133289418981
ck_f8b6069d7577fde6,0.0015142958008740528
ck_18444be153bac1ca,0.8107443611801608
ck_d0982b4e0e118e4d,0.021196647976568013
ck_6faf3e6820398866,0.0165960678602469
ck_97e980463aca4644,0.0026647543773309786
ck_630c835243c66b19,0.9961504859339062
ck_fe429ba3e1aa0e4f,0.01522294401284518
ck_1058129ed7b48c59,0.010917966491205392
ck_04a1a46f07885296,0.012598189491416232
ck_f01e94331067edf6,0.009093865263508779
ck_77b2fb17c29f5e72,0.012942705728311518
ck_4f0c5857da45fb28,0.2939108074938706
ck_2cfb9a7775e8a5bc,0.9729869130711364
ck_6846100e43659bf3,0.002875063200692334
ck_f89719a854fe11d7,0.014942902807176611
ck_bf47375e41ca3bc0,0.0021407169395428346
ck_2770b0400a7bef08,0.08026188513454634
ck_2a09d142de1c77ff,0.006151059592858829
ck_857a1f5547b9ad68,0.03833457881590714
ck_185f15b1523bbcf4,0.001170115578312814
ck_ab2aed614ec1cdf8,0.0214069202052849
ck_a9e7f3b2d5dfd97b,0.0052055058643444415
ck_0eeb3d9b3e697edb,0.01784529325497775
ck_fa5830d81bc8ddc1,0.005885050882859528
ck_231ae0329ebc3220,0.027156912663097606
ck_1587763dd54688c9,0.0034677094600818947
ck_9f85fea4490c00cf,0.016011060438370563
ck_a2d709e7eb91e4af,0.05309434607912976
ck_43637d28c7216453,0.0026830170347600423
ck_f3ab5dd853d38252,0.024873494276984858
ck_4a1f0172d3bf4fd3,0.0038093420661810787
ck_517620ca16505af0,0.013623422245115454
ck_9ae904fbef56065c,0.003403236805125539
ck_d5ef1f6e34bb35b8,0.07475253286216589
ck_ff42557857ae3aeb,0.0019579410764551048
ck_ad9a18f58589faa7,0.0038264130986501283
ck_df1a6edaa3e6b271,0.0068158391370887784
ck_99021fe7225b5a68,0.03890273332278046
ck_99e52c3c2530b69e,0.98692673637342
ck_3a4811dc4a1a891d,0.002666899789639439
ck_ba3a6be026c87079,0.009725888347007713
ck_da6d1e5cf6aba6fd,0.01340067027030966
ck_ddc7c1f3d45fe6e6,0.03125754755479518
ck_e1b1e7a7e4a15b3e,0.004699313965726981
ck_8288f7f226e08b89,0.00848987910396075
ck_c4524993ec31dbe5,0.005860730693736566
ck_8b19bb5b23b6741c,0.018349531776609748
ck_d21b38231a8a9f4a,0.023829153080295807
ck_3f730318a9792292,0.018384798342142433
ck_a4db6e94a8f77f9d,0.09619447072368069
ck_a8cac8d480306839,0.003355349109825618
ck_5472214011fbc2a7,0.007224719524315495
ck_7356f47dbbbe7904,0.00903399824359755
ck_16801e628e883d78,0.004856885889412962
ck_0dc1e536231c4860,0.006001214823543949
ck_7cd0634a6e60af83,0.008425698560838382
ck_ef6f8e048ae1bd4b,0.0011860234446164904
ck_82f3f744209888ac,0.023831401237151
ck_f33188c232a03526,0.23404014778485333
ck_4a59f4e10bf45d7f,0.001143914953318076
ck_d96c893721385e4e,0.001037106442769607
ck_f65ab819373edb37,0.015417685660157407
ck_21cac21fc10b7768,0.010736535753956321
ck_139b54e6ccbdd7da,0.06825319480371102
ck_d6f5c8741697abb3,0.019036944841810538
ck_a28d9bb5590d458f,0.2507238940680979
ck_ed26d906883bea0a,0.008818561625840615
ck_227602ad072b838b,0.0011948113266368866
ck_39d5f6c17c745ab1,0.0010156523407808817
ck_744eade757ba69b5,0.025055752453056784
ck_c1295d97cdf35ec2,0.002095921106207095
ck_69105f881da3c821,0.016599457299451316
ck_933789b55361d7c1,0.951859657886554
ck_b667952253503174,0.009572964579732349
ck_7bf668e25abeeb05,0.0028888565821216326
ck_91742711dfdffd56,0.02414540888739483
ck_af32a0660090dd68,0.027775805204470667
ck_2122f201e65f76ee,0.007368942209423572
ck_f48acb73a5d6af07,0.023879846838120885
ck_337c5684510cf432,0.05091126468534687
ck_f7bde7265053364d,0.013923837609234276
ck_c190c7b924edba75,0.06774115840947505
ck_044fa3b3a003f0b5,0.044516581752232325
ck_87eb43e3b9d96169,0.08090092879837478
ck_2d3d6c9364362017,0.0017419947909954857
ck_ac55dc6cbcdf8228,0.00782053103124449
ck_61d7b0568ec5d6cf,0.04084127151207425
ck_89c74feeaffa7d09,0.002522483344610151
ck_93776b0c113f41f0,0.0741731931375056
ck_15e0b679931f7a8d,0.013168947695821895
ck_77b56c49cfdb1d81,0.08930963665544978
ck_73188a826b5f499f,0.010794239814916505
ck_4f463ef25325ddfa,0.43649825530085856
ck_863db2e394dc47d1,0.9497246968149051
ck_d52432ed597f3cc9,0.004578076633201997
ck_04fb61e5739642f8,0.22477390588140722
ck_2e481d75d110c06d,0.12439786326670917
ck_3fa1a523d77cd619,0.016381711343794667
ck_466dc6274fecd708,0.0074252707909742525
ck_e1790b3aa2241b10,0.7381609268261545
ck_84ad096a46e1a960,0.2849976464643874
ck_3be72c9c178fa00d,0.018267207015715162
ck_5a17c89219d1d9fe,0.008991649481476035
ck_4f639f4ee6ce8d9e,0.08020210048312688
ck_f4ec4a935e51b4db,0.024175112244255722
ck_f04040a830f92bac,0.0051261716420359475
ck_3e4d02a04be2aaf8,0.05054008952515275
ck_4d1baef193cfb900,0.031608571986116926
ck_0fb3153d37626b75,0.0026510635361801293
ck_88ec57a11b11f702,0.9603743779346342
ck_dca9dc465f759db4,0.005412956309149428
ck_64f5fba6af67e024,0.010960441783471669
ck_896096cb167254ef,0.03165254647892953
ck_7878679065876b98,0.07295060211742159
ck_fe8e5a6c880ceb4e,0.00396871654948761
ck_a5e036327d3d1862,0.0009095026525466099
ck_310f73940fc4cf4f,0.011654296950251922
ck_46a8db16ad00b749,0.016392182691266112
ck_0d33977c3de8cfaf,0.9954889749573463
ck_c6fff412f531db0f,0.0010933507722818679
ck_bac6dadf428eaea9,0.021787576584080516
ck_1b96d9af0d7da2d5,0.0015400514144872552
ck_fa8a4a9e77799fcc,0.0036457422797151503
ck_0bf48607a874b4d1,0.00202617711851123
ck_eeb75f8a6439f65e,0.028331815007692076
ck_a209a5f7d172125e,0.02089988386350268
ck_8f346b72fb40bf14,0.005850718001288569
ck_bccbf9fef367f00f,0.024780360076925186
ck_2d1548f1ee405cc9,0.0041671926053484225
ck_e8298ff2dc1e9d50,0.0020851256178794357
ck_77c0fb524edb4a94,0.004564131609488759
ck_28ac4c5134cb8e77,0.0332302885497823
ck_db23a0e3e54be60c,0.5447129775543519
ck_a059d00cee5cee99,0.00260920568132761
ck_3e9e3bba8bd363af,0.005623980106410403
ck_0428728df24cdab4,0.011670210925586087
ck_88cd35378075c84f,0.0029271684651340107
ck_0174d76398d9dc0f,0.019170775886862692
ck_3f1287e6c27de0dc,0.01090826363702255
ck_ff822700f3605e06,0.9997750058795483
ck_4563227b2038ae07,0.13260666984846683
ck_788e78065526ee19,0.021572194417365593
ck_8a16eb584093b12f,0.0021427929046694844
ck_cc276f71ab6c08fd,0.03269690946280301
ck_d61d97b21002f3e9,0.062250484493805484
ck_4b2e87d86a5e415c,0.042854578872196285
ck_3e6f35e4500d2f2a,0.0005096682420161257
ck_3acdb083e0d8ad61,0.0018553545160449527
ck_cd655202db489010,0.004463037354104792
ck_829cbf5ccda481ae,0.004989117591162777
ck_f5882e6f98b8b4cd,0.0011623296919106893
ck_767947540b234add,0.024252077883835006
ck_a6e8e8f535b1f1d1,0.05310583191386442
ck_58412a2674fea506,0.0119616615741932
ck_fae7e518a585fa61,0.02937379860312281
ck_9c60ae6958d68dbd,0.561217878049867
ck_328696b8f5e54ec6,0.05203871239842664
ck_7df3f8f4f1068d62,0.004157708057526763
ck_cfadd21458230ef7,0.022832652206553148
ck_7048bedd554c703b,0.0018536998739513827
ck_50422466f145bfd7,0.0017878223999951996
ck_61e1f7168cd9ff25,0.06517376969648432
ck_733aff0f56f5b3c9,0.04925492266480402
ck_e14892e424180549,0.0016136256329629176
ck_03f6664a96de7d0f,0.025445636401837623
ck_b7f4baa2cc82fe61,0.00492524722230573
ck_1e51199a075ca0fa,0.005792810911210931
ck_0e70516fa07cfb17,0.852752955343667
ck_0f37c554a5057801,0.6785235243549639
ck_5576b725de38d106,0.012627473953442374
ck_82f360df1e9f4eb8,0.11349233167120665
ck_395f3bd4aacd7ca6,0.014001979760015468
ck_5e8e857b63966609,0.5314602488863974
ck_93470896f0804b6b,0.9519307751908807
ck_3be854e42e76569a,0.0039931124744787515
ck_0567302c57a2417e,0.19894705090947862
ck_ee535461b5f05539,0.2619668176999644
ck_94a096c36162a153,0.008866780460458351
ck_dfc8f5c141fd7c63,0.01247529336252285
ck_98b34f2d704c1c2a,0.0331309475451575
ck_96dff7a09d45f116,0.07481780836477661
ck_79557434c129ba52,0.008265551464686662
ck_4596624a7c01d501,0.02329309589625209
ck_04e89fbd739243fa,0.0015566574416686588
ck_6149ffaf18872dc8,0.0021636545824411935
ck_cd78f0832a09bd8f,0.6560729602012743
ck_7e29c10d781c3b41,0.016568521554669518
ck_1f7ee7b23fc6f2f4,0.0013249060739301307
ck_c49b685d2b3ab89a,0.011802560562048228
ck_84569a8fc50e73ac,0.01660804247161625
ck_b92b11d205af91eb,0.0010969765991672997
ck_06280e6d6d2485b0,0.0026112797329518912
ck_3c08546dd0c92863,0.018459724730178602
ck_99d3983f907828bf,0.010422494691206605
ck_eccfd552aa652d3c,0.01686613913954129
ck_0cff8153881875ba,0.02274006162762643
ck_c1aebbeca6ab5ff9,0.005350585116769778
ck_538fdbbb3c2bcbbb,0.016972441050996344
ck_8c0210322733c718,0.008004425079828358
ck_0b0c93039f987abc,0.028895973280418295
ck_6d07d6d1bd227d37,0.03627352995228373
ck_9b6ee35e8cd0b11c,0.007316518127266953
ck_d838491d3d4f5ecf,0.005113602964637107
ck_0593ae243a9ebee9,0.02873235338530922
ck_ef261fc09be8eb0b,0.0007398254263301058
ck_d0935b571a4a3868,0.011579248311546558
ck_97d04a67a104af39,0.04523049810494811
ck_e25f70d0b7229420,0.01718954869924007
ck_9b71274ff83de482,0.9676708241283302
ck_6de2aa2bb60978d3,0.048913481602838496
ck_eda55c8fb47593d7,0.009696007813548792
ck_924e572517515f19,0.3265173403960023
ck_d6f27eacbad310f4,0.011623245095320495
ck_8550f229b5eb03ab,0.004320372206466237
ck_e3e95546a84d0ed8,0.019969442081230596
ck_3135c019696ee6af,0.9918881494791454
ck_41ba315d8fccb559,0.004177104650627244
ck_72b86e4485da2d0f,0.983523718766478
ck_daaa995f3c2f0e47,0.05057652459928634
ck_053746067839696b,0.016834943656772856
ck_a15fe7d0f4b65c33,0.7037562892120478
ck_15de11438732bb05,0.011520791370413917
ck_2c4d25acbe3fabd9,0.09583969527099588
ck_7f08078908599bd2,0.05176451532482905
ck_e794741742fb2619,0.028927033422432642
ck_238e53b6dee8c301,0.0017317911188679449
ck_53a6a33060d5c8b8,0.004597458650554699
ck_0e0919292ad33472,0.518537530768374
ck_d86ccf148c06c8c8,0.0328155238329272
ck_c881f26c9bf9ae42,0.3636565614513518
ck_4b0947bf94e9d847,0.022169680761726637
ck_e10ff5c38bd18470,0.030141834576666426
ck_b60de9e97aad9e45,0.19926987630412266
ck_190bc849e5ff5401,0.03953325202358473
ck_e7be077aa0b2632c,0.002089784105861235
ck_a51abde881ebeff3,0.025242280275397114
ck_2208392a9f6bd249,0.02917477153234599
ck_0259da8f109017e9,0.0052358470805200195
ck_05e01ab9c95449da,0.029262433865045564
ck_c82897ebffb6ae66,0.005258021080492365
ck_b4a6bb4689cd7cfa,0.020052702119408572
ck_9e21ea33018ce538,0.009199152951402537
ck_caa348f0e65db062,0.994301160903258
ck_a964e6b5d8415334,0.5430902341693621
ck_510bfbbee37ff436,0.011788428092670543
ck_9741a82faf5c7889,0.02087558624161746
ck_e7f61b4a39ba98ac,0.003554759511322753
ck_069d158665a53909,0.025149375636350887
ck_6426427efe3228af,0.04769064472516389
ck_ab4a8d02ec3c0fd7,0.0005570235671667071
ck_aefa0d8d933e0eca,0.04694269661066842
ck_232325ef6bce92f1,0.009837510951748844
ck_14e58c3fb26a2b4d,0.021642323253715266
ck_06e73afdec26aecc,0.06220574785087357
ck_3168f4f2778d64e1,0.007793054780134513
ck_ff3998d6858daa21,0.0007174946511174845
ck_bccff46fb0868454,0.20042278672182098
ck_c7d444d90fa86d7c,0.6526704122091793
ck_f0bc3bdee6bfbb94,0.01784079364892055
ck_f7112818a6d81422,0.03235702602836842
ck_aca35dbcb835ad02,0.1123846361652424
ck_f637fabf0f60528f,0.02421852866494837
ck_53d17ab97de1ac3e,0.0029149626786764446
ck_c8c1bf16d9113493,0.023387329303596827
ck_e842fb0cf055a83b,0.07532640925126363
ck_93c0cb3dac4891fe,0.0038533564327477
ck_0c1f088e17e46daf,0.02219048029997382
ck_8f4b384955bf57c9,0.005479415020407878
ck_09cd5c4df1e81ac2,0.13880026047608265
ck_1e832a5b2342554f,0.09663679289496176
ck_2cb763a881aee27f,0.0028377218153047513
ck_5875828b11406398,0.010350562738155834
ck_48e84b0cb0b90fa7,0.0223174402150211
ck_833688de8629c5c0,0.0005515153424947798
ck_117d78ccd5820f36,0.009022948888305113
ck_668ec61c4c39cae3,0.0009682253524394687
ck_73a7794b659d7a34,0.007840407965491498
ck_10f90d879209734f,0.018990647893299895
ck_d1d079913aa158bf,0.00698767200697246
ck_01c631b38e8a9535,0.009254186428868483
ck_f6923088c17a04e2,0.06753755503248196
ck_b447badc9138987d,0.0017779268167286244
ck_8b772caed8f1541c,0.004900326499238199
ck_5403c76fe68a08ba,0.253361199903955
ck_3e6833574edf1736,0.006760837823292268
ck_e527fbb9450a4581,0.8772990924744248
ck_cc90e219f1ebf390,0.0009604494682958457
